ANNO,NOME,DIFFUSIONE
2015,ALESSANDRO,168
2015,FRANCESCO,123
2015,MATTIA,122
2015,LORENZO,120
2015,ANDREA,119
2015,GABRIELE,114
2015,RICCARDO,110
2015,MATTEO,107
2015,LEONARDO,106
2015,FEDERICO,87
2015,SAMUELE,87
2015,DAVIDE,87
2015,LUCA,84
2015,TOMMASO,73
2015,DIEGO,67
2015,FILIPPO,64
2015,GIOVANNI,63
2015,NICOLO',63
2015,SIMONE,62
2015,CHRISTIAN,62
2015,EMANUELE,53
2015,PIETRO,50
2015,MARCO,50
2015,EDOARDO,45
2015,CRISTIAN,39
2015,ANTONIO,38
2015,ALEX,38
2015,ADAM,38
2015,DANIELE,37
2015,MANUEL,35
2015,GABRIEL,34
2015,GIUSEPPE,31
2015,THOMAS,31
2015,ALESSIO,31
2015,JACOPO,30
2015,GIACOMO,29
2015,ELIA,29
2015,RAYAN,28
2015,MICHELE,27
2015,DANIEL,26
2015,SAMUEL,24
2015,MOHAMED,24
2015,NICHOLAS,22
2015,STEFANO,21
2015,GIULIO,21
2015,KEVIN,21
2015,OMAR,20
2015,DAVID,19
2015,SALVATORE,19
2015,GIORGIO,18
2015,VINCENZO,17
2015,DARIO,16
2015,ALBERTO,16
2015,VITTORIO,15
2015,NICOLA,15
2015,LUIGI,15
2015,RAFFAELE,14
2015,SEBASTIAN,13
2015,YOUSSEF,13
2015,AMIR,13
2015,NICCOLO',13
2015,SEBASTIANO,13
2015,MASSIMO,11
2015,NICOLAS,11
2015,ENRICO,11
2015,MICHAEL,11
2015,ENEA,10
2015,NATHAN,10
2015,FABIO,10
2015,LIAM,9
2015,GIANLUCA,9
2015,DOMENICO,9
2015,LUDOVICO,9
2015,ROBERTO,9
2015,GREGORIO,9
2015,PAOLO,9
2015,GIOELE,9
2015,ETTORE,9
2015,FLAVIO,8
2015,HAMZA,8
2015,JOEL,8
2015,ACHILLE,8
2015,ERIK,8
2015,MARIO,8
2015,MARTIN,8
2015,BRYAN,7
2015,AHMED,7
2015,MIRKO,7
2015,ANAS,7
2015,BILAL,7
2015,ADRIANO,7
2015,SANTIAGO,7
2015,NOAH,7
2015,LUCIO,6
2015,IBRAHIM,6
2015,ALI,6
2015,YAHYA,6
2015,MANUELE,6
2015,AARON,6
2015,AYMAN,6
2015,IMRAN,6
2015,DENIS,6
2015,MOHAMMED,6
2015,YASSIN,6
2015,ALAN,6
2015,WILLIAM,6
2015,ZIAD,5
2015,BRAIAN,5
2015,ROCCO,5
2015,ZAKARIA,5
2015,ETHAN,5
2015,ILIAS,5
2015,MAICOL,5
2015,WALID,5
2015,IVAN,5
2015,ARON,5
2015,ADRIAN,5
2015,SAAD,5
2015,DYLAN,5
2015,MUHAMMAD,5
2015,MARTINO,5
2015,LUKA,5
2015,RAYANE,5
2015,LORIS,5
2015,CARMINE,5
2015,ANGELO,5
2014,ALESSANDRO,175
2014,ANDREA,133
2014,FRANCESCO,127
2014,MATTEO,120
2014,GABRIELE,119
2014,LORENZO,118
2014,RICCARDO,113
2014,MATTIA,112
2014,LEONARDO,111
2014,LUCA,96
2014,FEDERICO,91
2014,SAMUELE,90
2014,DAVIDE,85
2014,FILIPPO,66
2014,SIMONE,65
2014,DIEGO,65
2014,NICOLO',63
2014,CHRISTIAN,63
2014,TOMMASO,63
2014,GIOVANNI,58
2014,EMANUELE,52
2014,CRISTIAN,48
2014,MARCO,47
2014,PIETRO,46
2014,ANTONIO,44
2014,ALEX,44
2014,DANIELE,38
2014,EDOARDO,38
2014,MANUEL,35
2014,ADAM,34
2014,JACOPO,33
2014,THOMAS,32
2014,RAYAN,32
2014,GIUSEPPE,31
2014,GABRIEL,30
2014,ALESSIO,29
2014,MOHAMED,29
2014,DANIEL,28
2014,MICHELE,28
2014,GIACOMO,27
2014,SAMUEL,25
2014,STEFANO,25
2014,NICHOLAS,24
2014,OMAR,23
2014,SALVATORE,22
2014,ELIA,21
2014,KEVIN,21
2014,GIULIO,20
2014,ALBERTO,19
2014,VINCENZO,18
2014,NICOLA,17
2014,SEBASTIANO,17
2014,VITTORIO,17
2014,DARIO,17
2014,YOUSSEF,16
2014,DAVID,15
2014,GIORGIO,15
2014,LUIGI,15
2014,DOMENICO,13
2014,ENRICO,13
2014,PAOLO,12
2014,NICCOLO',11
2014,GREGORIO,11
2014,RAFFAELE,11
2014,AMIR,10
2014,MICHAEL,10
2014,MASSIMO,10
2014,ROBERTO,10
2014,GIANLUCA,10
2014,AHMED,10
2014,NICOLAS,9
2014,BILAL,9
2014,ZAKARIA,8
2014,LUDOVICO,8
2014,IVAN,8
2014,HAMZA,8
2014,ETTORE,8
2014,ALEXANDER,8
2014,SEBASTIAN,8
2014,GIOELE,8
2014,FABIO,8
2014,MIRKO,7
2014,SANTIAGO,7
2014,DENIS,7
2014,MANUELE,7
2014,AARON,7
2014,WALID,7
2014,IBRAHIM,7
2014,ADRIANO,7
2014,ALAN,7
2014,NATHAN,7
2014,RAYANE,7
2014,AYMAN,7
2014,KARIM,6
2014,MARTINO,6
2014,ANGELO,6
2014,LORIS,6
2014,JOEL,6
2014,MARIO,6
2014,ENEA,6
2014,ACHILLE,6
2014,FLAVIO,6
2014,ANAS,6
2014,WILLIAM,6
2014,YAHYA,6
2014,MATIAS,5
2014,MOHAMMED,5
2014,JOSHUA,5
2014,AMIN,5
2014,MARTIN,5
2014,MOHAMED AMINE,5
2014,YASSIN,5
2014,CRISTIANO,5
2014,SAAD,5
2014,ERIK,5
2014,MATTIAS,5
2014,TAHA,5
2014,GENNARO,5
2014,ZIAD,5
2014,ADRIAN,5
2014,MASSIMILIANO,5
2014,ALI,5
2014,AYOUB,5
2014,ILIAS,5
2014,BRYAN,5
2014,CARMINE,5
2014,LEO,5
2014,ALEXANDRU,5
2014,YASSINE,5
2013,ALESSANDRO,185
2013,ANDREA,136
2013,GABRIELE,134
2013,MATTEO,130
2013,FRANCESCO,125
2013,MATTIA,118
2013,LORENZO,115
2013,LUCA,111
2013,RICCARDO,106
2013,FEDERICO,103
2013,DAVIDE,103
2013,LEONARDO,102
2013,SAMUELE,99
2013,FILIPPO,69
2013,SIMONE,67
2013,GIOVANNI,65
2013,CRISTIAN,63
2013,TOMMASO,62
2013,NICOLO',62
2013,CHRISTIAN,60
2013,DIEGO,58
2013,MARCO,51
2013,ANTONIO,50
2013,ALEX,50
2013,EMANUELE,50
2013,PIETRO,48
2013,DANIELE,44
2013,ADAM,41
2013,EDOARDO,36
2013,THOMAS,35
2013,ALESSIO,31
2013,GABRIEL,31
2013,RAYAN,31
2013,GIUSEPPE,30
2013,STEFANO,29
2013,MANUEL,28
2013,MICHELE,28
2013,MOHAMED,28
2013,GIACOMO,27
2013,SAMUEL,27
2013,JACOPO,26
2013,DANIEL,25
2013,KEVIN,24
2013,YOUSSEF,23
2013,NICHOLAS,23
2013,OMAR,23
2013,GIULIO,21
2013,SALVATORE,21
2013,LUIGI,19
2013,ELIA,18
2013,ALBERTO,17
2013,VITTORIO,17
2013,NICOLA,16
2013,PAOLO,15
2013,SEBASTIANO,15
2013,DARIO,15
2013,ENRICO,15
2013,AHMED,14
2013,VINCENZO,14
2013,GIANLUCA,13
2013,DAVID,13
2013,GIORGIO,13
2013,DOMENICO,12
2013,MASSIMILIANO,11
2013,AMIR,11
2013,ROBERTO,11
2013,NICCOLO',11
2013,FABIO,11
2013,ZAKARIA,10
2013,DENIS,10
2013,MICHAEL,10
2013,ANGELO,9
2013,MASSIMO,9
2013,SEBASTIAN,9
2013,RAFFAELE,9
2013,GREGORIO,9
2013,IVAN,9
2013,BILAL,8
2013,NATHAN,8
2013,HAMZA,8
2013,MIRKO,8
2013,ALEXANDER,8
2013,GIOELE,8
2013,IBRAHIM,8
2013,KARIM,7
2013,AYMAN,7
2013,AARON,7
2013,YASSIN,7
2013,NICOLAS,7
2013,CRISTIANO,7
2013,LEO,7
2013,ALAN,7
2013,AMIN,7
2013,MANUELE,7
2013,ETTORE,7
2013,AYOUB,6
2013,MATIAS,6
2013,FLAVIO,6
2013,YASSINE,6
2013,MOHAMMED,6
2013,LUDOVICO,6
2013,ALEXANDRU,6
2013,ADRIANO,6
2013,LORIS,6
2013,ALI,6
2013,WILLIAM,6
2013,VALENTINO,5
2013,DYLAN,5
2013,ENEA,5
2013,MATTIAS,5
2013,GUIDO,5
2013,MOHAMED AMINE,5
2013,ZIAD,5
2013,JUSTIN,5
2013,ERIK,5
2013,TAHA,5
2013,SAAD,5
2013,WALID,5
2013,CLAUDIO,5
2013,GIANNI,5
2013,CARLO,5
2013,LUIS,5
2013,RAYANE,5
2013,MARIO,5
2013,AMINE,5
2012,ALESSANDRO,188
2012,ANDREA,140
2012,GABRIELE,136
2012,MATTEO,136
2012,FRANCESCO,122
2012,LORENZO,120
2012,MATTIA,117
2012,FEDERICO,110
2012,RICCARDO,108
2012,LUCA,108
2012,DAVIDE,107
2012,LEONARDO,100
2012,SAMUELE,88
2012,SIMONE,85
2012,CRISTIAN,81
2012,FILIPPO,75
2012,NICOLO',73
2012,CHRISTIAN,65
2012,GIOVANNI,62
2012,TOMMASO,59
2012,ANTONIO,55
2012,DANIELE,53
2012,MARCO,52
2012,EMANUELE,50
2012,DIEGO,49
2012,ADAM,46
2012,PIETRO,46
2012,ALEX,44
2012,GIUSEPPE,37
2012,EDOARDO,36
2012,MANUEL,34
2012,STEFANO,34
2012,ALESSIO,32
2012,MICHELE,31
2012,GIACOMO,31
2012,THOMAS,30
2012,RAYAN,30
2012,SAMUEL,29
2012,MOHAMED,28
2012,JACOPO,27
2012,GABRIEL,27
2012,SALVATORE,24
2012,DANIEL,24
2012,KEVIN,24
2012,OMAR,23
2012,GIULIO,22
2012,NICHOLAS,21
2012,ALBERTO,20
2012,YOUSSEF,20
2012,PAOLO,19
2012,VITTORIO,18
2012,LUIGI,18
2012,DOMENICO,17
2012,ENRICO,17
2012,ELIA,16
2012,NICOLA,16
2012,FABIO,15
2012,SEBASTIANO,14
2012,GIORGIO,14
2012,AHMED,14
2012,DARIO,14
2012,HAMZA,13
2012,GIANLUCA,13
2012,MASSIMO,12
2012,ROBERTO,12
2012,ZAKARIA,12
2012,DENIS,11
2012,NICCOLO',11
2012,AMIR,11
2012,DAVID,11
2012,ALEXANDER,10
2012,LUDOVICO,10
2012,MICHAEL,10
2012,MASSIMILIANO,10
2012,RAFFAELE,10
2012,MIRKO,9
2012,ANGELO,9
2012,GREGORIO,9
2012,YASSINE,9
2012,MARIO,8
2012,KARIM,8
2012,MANUELE,8
2012,MARTINO,8
2012,GIOELE,8
2012,VINCENZO,8
2012,IVAN,8
2012,CRISTIANO,7
2012,SEBASTIAN,7
2012,IBRAHIM,7
2012,ALAN,7
2012,CESARE,7
2012,LORIS,7
2012,AYMAN,7
2012,WALID,7
2012,ACHILLE,7
2012,FLAVIO,7
2012,BILAL,6
2012,FRANCESCO PIO,6
2012,ADRIANO,6
2012,NATHAN,6
2012,ETTORE,6
2012,YASSIN,6
2012,EMANUEL,6
2012,LEO,6
2012,CIRO,6
2012,NASSIM,6
2012,VALENTINO,6
2012,AMIN,6
2012,GUIDO,6
2012,UMBERTO,5
2012,CARMINE,5
2012,MOHAMMED,5
2012,BRYAN,5
2012,CARLO,5
2012,MAICOL,5
2012,AYOUB,5
2012,ZIAD,5
2012,WILLIAM,5
2012,NICOLAS,5
2012,LUIS,5
2012,ALEXANDRU,5
2012,MATIAS,5
2011,ALESSANDRO,188
2011,ANDREA,147
2011,GABRIELE,139
2011,FRANCESCO,131
2011,MATTEO,130
2011,LORENZO,127
2011,FEDERICO,116
2011,MATTIA,112
2011,DAVIDE,110
2011,RICCARDO,110
2011,LUCA,102
2011,SIMONE,97
2011,LEONARDO,89
2011,FILIPPO,84
2011,CRISTIAN,83
2011,SAMUELE,80
2011,NICOLO',69
2011,GIOVANNI,65
2011,CHRISTIAN,60
2011,TOMMASO,60
2011,DANIELE,57
2011,ANTONIO,57
2011,EMANUELE,50
2011,DIEGO,49
2011,PIETRO,45
2011,MARCO,44
2011,ALEX,43
2011,ADAM,38
2011,MOHAMED,38
2011,ALESSIO,38
2011,GIUSEPPE,36
2011,MICHELE,35
2011,STEFANO,33
2011,EDOARDO,33
2011,RAYAN,32
2011,THOMAS,32
2011,GIACOMO,31
2011,DANIEL,30
2011,MANUEL,29
2011,JACOPO,28
2011,GABRIEL,27
2011,SAMUEL,26
2011,PAOLO,24
2011,OMAR,23
2011,YOUSSEF,22
2011,KEVIN,22
2011,ALBERTO,21
2011,GIANLUCA,21
2011,SALVATORE,20
2011,GIULIO,20
2011,NICHOLAS,18
2011,DOMENICO,18
2011,LUIGI,17
2011,FABIO,17
2011,MASSIMO,16
2011,ENRICO,16
2011,ELIA,15
2011,NICOLA,14
2011,NICCOLO',14
2011,HAMZA,14
2011,SEBASTIANO,13
2011,KARIM,13
2011,VITTORIO,13
2011,GIORGIO,13
2011,DARIO,13
2011,LUDOVICO,12
2011,ROBERTO,12
2011,MICHAEL,11
2011,AHMED,11
2011,ZAKARIA,11
2011,RAFFAELE,11
2011,DENIS,10
2011,ANGELO,10
2011,AMIR,10
2011,IBRAHIM,10
2011,YASSINE,9
2011,DAVID,9
2011,MARTINO,9
2011,ALEXANDER,9
2011,IVAN,9
2011,VINCENZO,9
2011,GREGORIO,9
2011,CIRO,9
2011,LORIS,8
2011,NICOLAS,8
2011,MASSIMILIANO,8
2011,CESARE,8
2011,FRANCESCO PIO,8
2011,AYMAN,8
2011,CRISTIANO,7
2011,WALID,7
2011,MOHAMMED,7
2011,MARIO,7
2011,ALAN,7
2011,EMANUEL,7
2011,MANUELE,7
2011,MIRKO,7
2011,FLAVIO,7
2011,RAYEN,6
2011,YASSIN,6
2011,ACHILLE,6
2011,AMIN,6
2011,GIOELE,6
2011,NASSIM,6
2011,VALENTINO,6
2011,CARLO,6
2011,MATIAS,6
2011,DENNIS,6
2011,KRISTIAN,6
2011,GUIDO,6
2011,FABRIZIO,6
2011,EMMANUEL,5
2011,AYOUB,5
2011,ZIAD,5
2011,MARCELLO,5
2011,ADEM,5
2011,GENNARO,5
2011,ALI,5
2011,YASSER,5
2011,CLAUDIO,5
2011,WILLIAM,5
2011,YASSIR,5
2011,ALEXANDRU,5
2011,BRUNO,5
2011,AMINE,5
2011,LEO,5
2011,ETTORE,5
2010,ALESSANDRO,194
2010,ANDREA,154
2010,MATTEO,142
2010,FRANCESCO,135
2010,GABRIELE,131
2010,LORENZO,129
2010,MATTIA,122
2010,DAVIDE,120
2010,FEDERICO,115
2010,RICCARDO,110
2010,LUCA,105
2010,SIMONE,102
2010,FILIPPO,88
2010,LEONARDO,82
2010,SAMUELE,79
2010,CRISTIAN,76
2010,NICOLO',67
2010,ANTONIO,67
2010,TOMMASO,66
2010,EMANUELE,61
2010,GIOVANNI,60
2010,DANIELE,58
2010,CHRISTIAN,57
2010,DIEGO,51
2010,PIETRO,51
2010,MARCO,45
2010,ALEX,42
2010,MICHELE,41
2010,MOHAMED,38
2010,ALESSIO,37
2010,GIUSEPPE,36
2010,EDOARDO,35
2010,ADAM,32
2010,STEFANO,32
2010,JACOPO,32
2010,THOMAS,32
2010,MANUEL,32
2010,DANIEL,30
2010,GIACOMO,29
2010,PAOLO,29
2010,SAMUEL,25
2010,YOUSSEF,25
2010,RAYAN,25
2010,SALVATORE,24
2010,LUIGI,22
2010,KEVIN,22
2010,GIANLUCA,22
2010,GABRIEL,21
2010,ALBERTO,20
2010,OMAR,20
2010,FABIO,19
2010,GIULIO,18
2010,ANGELO,18
2010,NICCOLO',18
2010,ENRICO,17
2010,DOMENICO,17
2010,MASSIMO,16
2010,ELIA,16
2010,LUDOVICO,14
2010,NICHOLAS,14
2010,DENIS,13
2010,KARIM,12
2010,NICOLA,12
2010,VITTORIO,12
2010,RAFFAELE,12
2010,GIORGIO,12
2010,AHMED,11
2010,DARIO,11
2010,CIRO,11
2010,ROBERTO,11
2010,MICHAEL,11
2010,HAMZA,11
2010,IVAN,10
2010,CRISTIANO,10
2010,MARTINO,10
2010,NICOLAS,10
2010,FLAVIO,10
2010,GREGORIO,9
2010,FRANCESCO PIO,9
2010,IBRAHIM,9
2010,AYMAN,9
2010,LORIS,9
2010,DAVID,9
2010,SEBASTIANO,9
2010,CARLO,9
2010,MANUELE,8
2010,WALID,8
2010,YASSINE,8
2010,MARIO,8
2010,EMANUEL,8
2010,CESARE,8
2010,KRISTIAN,8
2010,MARCELLO,8
2010,ZAKARIA,8
2010,ALAN,8
2010,MASSIMILIANO,8
2010,ALEXANDER,7
2010,GIOELE,7
2010,LEO,7
2010,MIRKO,7
2010,CLAUDIO,6
2010,VINCENZO,6
2010,AYOUB,6
2010,RAYEN,6
2010,MATIAS,6
2010,VALENTINO,6
2010,AMIR,6
2010,GIULIANO,6
2010,ANAS,5
2010,BRUNO,5
2010,ENDRI,5
2010,MOHAMMED,5
2010,GENNARO,5
2010,SEBASTIAN,5
2010,YASSIR,5
2010,DANILO,5
2010,YASSIN,5
2010,BRYAN,5
2010,SAMI,5
2010,AMIN,5
2010,FABRIZIO,5
2010,GUIDO,5
2010,ACHILLE,5
2010,ADEM,5
2010,EMMANUEL,5
2010,NASSIM,5
2010,AMINE,5
2010,ETTORE,5
2009,ALESSANDRO,199
2009,MATTEO,152
2009,ANDREA,151
2009,FRANCESCO,150
2009,GABRIELE,138
2009,LORENZO,132
2009,FEDERICO,124
2009,MATTIA,123
2009,DAVIDE,123
2009,RICCARDO,116
2009,LUCA,115
2009,SIMONE,103
2009,FILIPPO,97
2009,CRISTIAN,80
2009,TOMMASO,77
2009,LEONARDO,72
2009,SAMUELE,67
2009,ANTONIO,59
2009,NICOLO',58
2009,CHRISTIAN,58
2009,DANIELE,57
2009,MARCO,57
2009,GIOVANNI,54
2009,EMANUELE,53
2009,ALESSIO,46
2009,PIETRO,41
2009,GIUSEPPE,40
2009,STEFANO,39
2009,DIEGO,38
2009,ALEX,38
2009,MICHELE,38
2009,GIACOMO,35
2009,MANUEL,34
2009,JACOPO,34
2009,EDOARDO,32
2009,PAOLO,30
2009,MOHAMED,30
2009,THOMAS,28
2009,DANIEL,26
2009,LUIGI,25
2009,FABIO,24
2009,SAMUEL,24
2009,GIANLUCA,24
2009,ADAM,23
2009,KEVIN,23
2009,ANGELO,22
2009,SALVATORE,22
2009,RAYAN,20
2009,OMAR,20
2009,DOMENICO,20
2009,NICCOLO',19
2009,ALBERTO,18
2009,GABRIEL,18
2009,ENRICO,17
2009,YOUSSEF,17
2009,NICOLA,17
2009,GIULIO,16
2009,NICHOLAS,16
2009,MASSIMO,15
2009,HAMZA,14
2009,FLAVIO,13
2009,LUDOVICO,13
2009,DENIS,12
2009,MICHAEL,12
2009,AHMED,12
2009,ROBERTO,12
2009,ELIA,12
2009,RAFFAELE,12
2009,KARIM,11
2009,CIRO,11
2009,GIORGIO,11
2009,IVAN,11
2009,SEBASTIANO,11
2009,AYOUB,10
2009,CARLO,10
2009,ZAKARIA,10
2009,MASSIMILIANO,9
2009,MARCELLO,9
2009,VITTORIO,9
2009,MARIO,9
2009,VINCENZO,9
2009,GENNARO,9
2009,ALAN,9
2009,NICOLAS,9
2009,MIRKO,9
2009,MARTINO,9
2009,CRISTIANO,8
2009,DAVID,8
2009,EMANUEL,8
2009,KRISTIAN,8
2009,GIOELE,7
2009,VALERIO,7
2009,CESARE,7
2009,ETTORE,7
2009,CLAUDIO,7
2009,FRANCESCO PIO,7
2009,YASSINE,7
2009,LORIS,7
2009,ANAS,6
2009,DENNIS,6
2009,GREGORIO,6
2009,ALEXANDER,6
2009,WALID,6
2009,EUGENIO,6
2009,GIULIANO,6
2009,VALENTINO,6
2009,PASQUALE,6
2009,SAMI,5
2009,FABRIZIO,5
2009,MAICOL,5
2009,NASSIM,5
2009,ACHILLE,5
2009,BRYAN,5
2009,MATIAS,5
2009,MOHAMMED,5
2009,MATHIAS,5
2009,GUIDO,5
2009,BRUNO,5
2009,IBRAHIM,5
2009,SEBASTIAN,5
2009,RAYEN,5
2009,AYMAN,5
2009,DARIO,5
2008,ALESSANDRO,193
2008,MATTEO,163
2008,FRANCESCO,150
2008,ANDREA,149
2008,DAVIDE,138
2008,GABRIELE,135
2008,LORENZO,135
2008,FEDERICO,126
2008,MATTIA,125
2008,LUCA,124
2008,RICCARDO,119
2008,SIMONE,103
2008,FILIPPO,98
2008,TOMMASO,79
2008,CRISTIAN,71
2008,SAMUELE,69
2008,ANTONIO,66
2008,MARCO,61
2008,LEONARDO,60
2008,GIOVANNI,59
2008,DANIELE,58
2008,NICOLO',58
2008,CHRISTIAN,54
2008,EMANUELE,50
2008,GIUSEPPE,47
2008,PIETRO,46
2008,ALESSIO,43
2008,GIACOMO,42
2008,MICHELE,40
2008,MANUEL,39
2008,DIEGO,37
2008,EDOARDO,36
2008,ALEX,36
2008,JACOPO,36
2008,STEFANO,35
2008,FABIO,30
2008,GIANLUCA,30
2008,SALVATORE,28
2008,PAOLO,28
2008,MOHAMED,28
2008,ANGELO,26
2008,SAMUEL,26
2008,LUIGI,25
2008,THOMAS,24
2008,KEVIN,24
2008,ADAM,22
2008,DOMENICO,21
2008,ALBERTO,20
2008,DANIEL,18
2008,ENRICO,18
2008,OMAR,18
2008,NICCOLO',18
2008,NICHOLAS,17
2008,NICOLA,17
2008,DENIS,16
2008,GABRIEL,15
2008,FLAVIO,14
2008,MASSIMO,14
2008,GIULIO,14
2008,RAYAN,14
2008,HAMZA,14
2008,RAFFAELE,13
2008,NICOLAS,12
2008,CIRO,12
2008,MARIO,12
2008,CLAUDIO,12
2008,ROBERTO,12
2008,VINCENZO,12
2008,ELIA,12
2008,MICHAEL,11
2008,AHMED,11
2008,YOUSSEF,11
2008,LUDOVICO,11
2008,FRANCESCO PIO,11
2008,GIORGIO,11
2008,AYOUB,11
2008,MARTINO,11
2008,CARLO,11
2008,MIRKO,10
2008,KRISTIAN,10
2008,MARCELLO,10
2008,IVAN,10
2008,DARIO,9
2008,MASSIMILIANO,9
2008,VALERIO,9
2008,SEBASTIANO,9
2008,CRISTIANO,9
2008,GENNARO,9
2008,DENNIS,8
2008,ALAN,7
2008,PASQUALE,7
2008,GIULIANO,7
2008,VITTORIO,7
2008,KARIM,7
2008,EMANUEL,7
2008,FABRIZIO,7
2008,DAVID,7
2008,YASSINE,6
2008,MAICOL,6
2008,LORIS,6
2008,MOHAMMED,6
2008,SEBASTIAN,6
2008,CESARE,6
2008,MATHIAS,6
2008,WALID,6
2008,GREGORIO,6
2008,EMMANUEL,6
2008,VALENTINO,6
2008,BRUNO,6
2008,ETTORE,5
2008,DAMIANO,5
2008,EUGENIO,5
2008,ANAS,5
2008,YASSER,5
2008,MORGAN,5
2008,UMBERTO,5
2008,ERNESTO,5
2008,ZAKARIA,5
2008,GIOELE,5
2008,GAETANO,5
2007,ALESSANDRO,189
2007,MATTEO,177
2007,ANDREA,150
2007,FRANCESCO,150
2007,LORENZO,143
2007,DAVIDE,130
2007,GABRIELE,126
2007,FEDERICO,126
2007,RICCARDO,124
2007,MATTIA,119
2007,LUCA,117
2007,SIMONE,117
2007,FILIPPO,105
2007,TOMMASO,82
2007,NICOLO',70
2007,SAMUELE,67
2007,MARCO,67
2007,CRISTIAN,64
2007,ANTONIO,61
2007,LEONARDO,60
2007,GIOVANNI,58
2007,DANIELE,56
2007,EMANUELE,49
2007,GIUSEPPE,46
2007,CHRISTIAN,45
2007,GIACOMO,44
2007,MANUEL,44
2007,PIETRO,42
2007,JACOPO,40
2007,MICHELE,40
2007,ALESSIO,38
2007,EDOARDO,37
2007,DIEGO,33
2007,STEFANO,33
2007,ALEX,32
2007,SALVATORE,31
2007,PAOLO,28
2007,LUIGI,27
2007,KEVIN,27
2007,FABIO,27
2007,GIANLUCA,25
2007,MOHAMED,25
2007,THOMAS,24
2007,ALBERTO,23
2007,DOMENICO,23
2007,SAMUEL,23
2007,ANGELO,22
2007,NICOLA,22
2007,DANIEL,19
2007,DENIS,18
2007,NICCOLO',17
2007,FLAVIO,17
2007,NICHOLAS,17
2007,ADAM,16
2007,ENRICO,16
2007,RAFFAELE,16
2007,GABRIEL,16
2007,GIORGIO,15
2007,ELIA,15
2007,OMAR,14
2007,MARIO,14
2007,MASSIMO,13
2007,ROBERTO,13
2007,MICHAEL,13
2007,NICOLAS,13
2007,GIULIO,13
2007,RAYAN,12
2007,HAMZA,12
2007,VINCENZO,12
2007,MARTINO,12
2007,FRANCESCO PIO,12
2007,DARIO,11
2007,AYOUB,11
2007,MARCELLO,11
2007,KRISTIAN,11
2007,CLAUDIO,11
2007,SEBASTIANO,10
2007,CARLO,10
2007,CIRO,10
2007,MIRKO,10
2007,FABRIZIO,9
2007,GENNARO,9
2007,YOUSSEF,9
2007,AHMED,9
2007,LUDOVICO,9
2007,VALERIO,8
2007,DAVID,8
2007,MORGAN,8
2007,IVAN,8
2007,DAMIANO,8
2007,YASSINE,7
2007,GIULIANO,7
2007,PASQUALE,7
2007,EMMANUEL,7
2007,CRISTIANO,7
2007,MIRCO,6
2007,GREGORIO,6
2007,MATHIAS,6
2007,GAETANO,6
2007,ROCCO,6
2007,BRUNO,6
2007,KARIM,6
2007,WALID,6
2007,EMANUEL,6
2007,CESARE,6
2007,VITTORIO,6
2007,YASSER,6
2007,DENNIS,6
2007,MASSIMILIANO,6
2007,MOHAMMED,5
2007,CARMINE,5
2007,ANAS,5
2007,ZAKARIA,5
2007,MAICOL,5
2007,NASSIM,5
2006,ALESSANDRO,198
2006,MATTEO,189
2006,FRANCESCO,163
2006,ANDREA,162
2006,LORENZO,149
2006,DAVIDE,134
2006,GABRIELE,129
2006,LUCA,125
2006,FEDERICO,122
2006,RICCARDO,116
2006,SIMONE,113
2006,MATTIA,107
2006,FILIPPO,93
2006,TOMMASO,79
2006,MARCO,73
2006,SAMUELE,70
2006,GIOVANNI,63
2006,NICOLO',60
2006,ANTONIO,59
2006,DANIELE,54
2006,LEONARDO,52
2006,CRISTIAN,49
2006,GIUSEPPE,49
2006,EMANUELE,44
2006,MANUEL,44
2006,CHRISTIAN,42
2006,STEFANO,41
2006,GIACOMO,40
2006,MICHELE,39
2006,PIETRO,39
2006,JACOPO,38
2006,ALESSIO,37
2006,ALEX,34
2006,PAOLO,32
2006,EDOARDO,31
2006,SALVATORE,31
2006,FABIO,29
2006,LUIGI,29
2006,DIEGO,28
2006,SAMUEL,26
2006,ALBERTO,25
2006,GIANLUCA,25
2006,THOMAS,25
2006,KEVIN,24
2006,MOHAMED,23
2006,DOMENICO,21
2006,ENRICO,20
2006,NICHOLAS,20
2006,ANGELO,19
2006,DANIEL,19
2006,OMAR,18
2006,NICCOLO',18
2006,RAFFAELE,17
2006,NICOLA,17
2006,DENIS,16
2006,MICHAEL,16
2006,NICOLAS,15
2006,MARIO,15
2006,FLAVIO,15
2006,GIORGIO,14
2006,VINCENZO,14
2006,CLAUDIO,14
2006,DARIO,14
2006,GABRIEL,14
2006,ELIA,14
2006,ROBERTO,13
2006,IVAN,12
2006,HAMZA,12
2006,SEBASTIANO,11
2006,MASSIMO,11
2006,CIRO,10
2006,KRISTIAN,10
2006,FABRIZIO,10
2006,MARCELLO,10
2006,CARLO,10
2006,ADAM,10
2006,GENNARO,10
2006,GIULIO,10
2006,FRANCESCO PIO,10
2006,AYOUB,10
2006,AHMED,10
2006,GAETANO,10
2006,MIRKO,9
2006,ROCCO,8
2006,RAYAN,8
2006,CRISTIANO,8
2006,MARTINO,8
2006,MIRCO,8
2006,DAMIANO,8
2006,EUGENIO,8
2006,MORGAN,7
2006,MAICOL,7
2006,DAVID,7
2006,EMMANUEL,7
2006,PASQUALE,6
2006,ALAN,6
2006,YASSIN,6
2006,YOUSSEF,6
2006,GIULIANO,6
2006,KARIM,6
2006,LUDOVICO,5
2006,PATRICK,5
2006,WALID,5
2006,DENNIS,5
2006,YASSER,5
2006,MASSIMILIANO,5
2006,JONATHAN,5
2006,VALENTINO,5
2006,VALERIO,5
2006,GREGORIO,5
2005,MATTEO,208
2005,ALESSANDRO,195
2005,ANDREA,175
2005,FRANCESCO,159
2005,LORENZO,146
2005,DAVIDE,138
2005,LUCA,133
2005,FEDERICO,130
2005,GABRIELE,128
2005,RICCARDO,116
2005,SIMONE,111
2005,MATTIA,101
2005,FILIPPO,92
2005,MARCO,90
2005,TOMMASO,76
2005,GIOVANNI,67
2005,SAMUELE,62
2005,DANIELE,59
2005,ANTONIO,56
2005,NICOLO',55
2005,GIUSEPPE,53
2005,STEFANO,50
2005,LEONARDO,50
2005,EMANUELE,43
2005,GIACOMO,43
2005,CHRISTIAN,43
2005,MANUEL,41
2005,ALESSIO,40
2005,PIETRO,39
2005,JACOPO,39
2005,CRISTIAN,39
2005,ALEX,38
2005,MICHELE,35
2005,FABIO,35
2005,EDOARDO,34
2005,LUIGI,31
2005,ALBERTO,30
2005,PAOLO,30
2005,KEVIN,29
2005,SALVATORE,28
2005,THOMAS,24
2005,SAMUEL,23
2005,GIANLUCA,23
2005,DIEGO,22
2005,DOMENICO,22
2005,DARIO,21
2005,ENRICO,21
2005,NICHOLAS,20
2005,NICOLA,18
2005,NICCOLO',18
2005,ANGELO,18
2005,VINCENZO,17
2005,ELIA,17
2005,OMAR,17
2005,RAFFAELE,16
2005,GABRIEL,16
2005,MOHAMED,15
2005,ROBERTO,15
2005,DENIS,15
2005,FLAVIO,15
2005,MARIO,14
2005,DANIEL,14
2005,GIORGIO,13
2005,NICOLAS,13
2005,MICHAEL,12
2005,AYOUB,12
2005,CLAUDIO,12
2005,HAMZA,12
2005,GENNARO,11
2005,EUGENIO,11
2005,CIRO,11
2005,MASSIMO,11
2005,SEBASTIANO,11
2005,GAETANO,11
2005,CARLO,11
2005,MIRKO,10
2005,GIULIO,10
2005,MIRCO,9
2005,AHMED,9
2005,MARCELLO,8
2005,IVAN,8
2005,FRANCESCO PIO,8
2005,MAICOL,8
2005,KRISTIAN,8
2005,FABRIZIO,8
2005,VALERIO,8
2005,GIULIANO,7
2005,YOUSSEF,7
2005,DAMIANO,7
2005,YASSIN,7
2005,CRISTIANO,6
2005,ADAM,6
2005,ROCCO,6
2005,MARTINO,6
2005,PASQUALE,6
2005,AYMAN,6
2005,DAVID,6
2005,ALAN,6
2005,CARMINE,5
2005,MASSIMILIANO,5
2005,VITTORIO,5
2005,WALID,5
2005,ERNESTO,5
2005,PATRICK,5
2005,AMIN,5
2004,MATTEO,220
2004,ALESSANDRO,193
2004,ANDREA,171
2004,LUCA,159
2004,FRANCESCO,157
2004,FEDERICO,145
2004,DAVIDE,144
2004,LORENZO,127
2004,RICCARDO,122
2004,GABRIELE,119
2004,SIMONE,115
2004,FILIPPO,96
2004,MATTIA,90
2004,MARCO,87
2004,TOMMASO,70
2004,GIOVANNI,69
2004,ANTONIO,66
2004,NICOLO',59
2004,DANIELE,59
2004,SAMUELE,55
2004,STEFANO,52
2004,GIUSEPPE,50
2004,CHRISTIAN,48
2004,LEONARDO,46
2004,ALESSIO,45
2004,GIACOMO,45
2004,ALEX,45
2004,CRISTIAN,40
2004,EMANUELE,39
2004,FABIO,36
2004,MANUEL,33
2004,LUIGI,32
2004,MICHELE,32
2004,PIETRO,31
2004,JACOPO,31
2004,PAOLO,30
2004,VINCENZO,29
2004,SALVATORE,28
2004,ALBERTO,28
2004,KEVIN,26
2004,DOMENICO,26
2004,EDOARDO,26
2004,GIANLUCA,24
2004,ENRICO,24
2004,SAMUEL,24
2004,DARIO,19
2004,RAFFAELE,18
2004,MOHAMED,17
2004,ROBERTO,17
2004,GABRIEL,17
2004,THOMAS,17
2004,NICOLA,17
2004,OMAR,17
2004,SEBASTIANO,16
2004,DIEGO,16
2004,ELIA,15
2004,NICCOLO',14
2004,MARIO,14
2004,NICHOLAS,13
2004,AYOUB,13
2004,DANIEL,12
2004,GIORGIO,12
2004,NICOLAS,12
2004,FLAVIO,12
2004,ANGELO,12
2004,DENIS,12
2004,HAMZA,12
2004,GAETANO,11
2004,EUGENIO,10
2004,MICHAEL,10
2004,AHMED,10
2004,CLAUDIO,10
2004,CIRO,10
2004,CARMINE,9
2004,MAICOL,9
2004,PASQUALE,9
2004,GIULIO,9
2004,KRISTIAN,8
2004,CRISTIANO,8
2004,MASSIMO,8
2004,AMIN,8
2004,CARLO,8
2004,FABRIZIO,8
2004,IVAN,8
2004,GENNARO,8
2004,MIRCO,8
2004,ROCCO,7
2004,YOUSSEF,7
2004,FRANCESCO PIO,7
2004,MIRKO,7
2004,YASSIN,7
2004,MARCELLO,7
2004,ERIK,6
2004,VITTORIO,6
2004,KARIM,6
2004,VALERIO,6
2004,MASSIMILIANO,6
2004,IACOPO,5
2004,BRUNO,5
2004,ROSARIO,5
2004,ADAM,5
2004,DAMIANO,5
2004,PATRICK,5
2004,AYMAN,5
2004,MARTINO,5
2003,MATTEO,221
2003,ALESSANDRO,200
2003,ANDREA,185
2003,LUCA,156
2003,FRANCESCO,149
2003,DAVIDE,147
2003,FEDERICO,133
2003,RICCARDO,123
2003,LORENZO,117
2003,SIMONE,117
2003,GABRIELE,99
2003,MARCO,93
2003,FILIPPO,92
2003,MATTIA,88
2003,GIOVANNI,76
2003,ANTONIO,67
2003,DANIELE,62
2003,TOMMASO,55
2003,STEFANO,52
2003,NICOLO',51
2003,GIUSEPPE,48
2003,GIACOMO,47
2003,ALEX,47
2003,SAMUELE,47
2003,CHRISTIAN,44
2003,FABIO,44
2003,CRISTIAN,42
2003,LEONARDO,41
2003,ALESSIO,39
2003,PIETRO,35
2003,EMANUELE,35
2003,MICHELE,34
2003,PAOLO,33
2003,ALBERTO,32
2003,VINCENZO,31
2003,LUIGI,31
2003,JACOPO,29
2003,MANUEL,27
2003,SALVATORE,26
2003,KEVIN,26
2003,GIANLUCA,25
2003,DOMENICO,25
2003,ENRICO,24
2003,SAMUEL,23
2003,DARIO,21
2003,ROBERTO,21
2003,OMAR,20
2003,EDOARDO,18
2003,RAFFAELE,18
2003,GABRIEL,17
2003,ANGELO,16
2003,ELIA,16
2003,MOHAMED,16
2003,MARIO,16
2003,DANIEL,15
2003,SEBASTIANO,15
2003,THOMAS,15
2003,NICHOLAS,15
2003,DIEGO,15
2003,GIORGIO,15
2003,MICHAEL,14
2003,AHMED,13
2003,DENIS,13
2003,NICCOLO',12
2003,GAETANO,12
2003,AYOUB,11
2003,NICOLAS,11
2003,NICOLA,11
2003,CARMINE,10
2003,MASSIMILIANO,10
2003,PASQUALE,9
2003,CLAUDIO,9
2003,EUGENIO,9
2003,CIRO,9
2003,GIULIO,9
2003,MAICOL,8
2003,KRISTIAN,8
2003,MASSIMO,8
2003,FRANCESCO PIO,8
2003,FABRIZIO,8
2003,MIRCO,8
2003,CARLO,7
2003,YASSIN,7
2003,HAMZA,7
2003,ERIK,7
2003,MIRKO,7
2003,VITTORIO,7
2003,MARCELLO,7
2003,AMIN,7
2003,YOUSSEF,7
2003,ROCCO,7
2003,PATRICK,6
2003,WALID,6
2003,MORGAN,6
2003,CRISTIANO,6
2003,YASSINE,6
2003,AYMAN,5
2003,BRUNO,5
2003,IVAN,5
2003,SAVERIO,5
2003,EMMANUEL,5
2003,GREGORIO,5
2003,ROSARIO,5
2003,DAMIANO,5
2002,MATTEO,219
2002,ANDREA,193
2002,ALESSANDRO,188
2002,LUCA,166
2002,FRANCESCO,152
2002,DAVIDE,140
2002,FEDERICO,129
2002,LORENZO,122
2002,RICCARDO,120
2002,SIMONE,115
2002,GABRIELE,94
2002,MARCO,93
2002,MATTIA,84
2002,FILIPPO,80
2002,GIOVANNI,79
2002,ANTONIO,74
2002,DANIELE,62
2002,STEFANO,56
2002,GIUSEPPE,51
2002,TOMMASO,51
2002,ALEX,51
2002,NICOLO',50
2002,SAMUELE,46
2002,GIACOMO,42
2002,FABIO,41
2002,CHRISTIAN,40
2002,ALESSIO,40
2002,MICHELE,38
2002,CRISTIAN,38
2002,EMANUELE,36
2002,LEONARDO,35
2002,PIETRO,31
2002,VINCENZO,30
2002,LUIGI,29
2002,ALBERTO,28
2002,PAOLO,27
2002,MANUEL,27
2002,SALVATORE,26
2002,DOMENICO,25
2002,ENRICO,24
2002,ROBERTO,24
2002,KEVIN,24
2002,OMAR,21
2002,EDOARDO,21
2002,GIANLUCA,20
2002,JACOPO,20
2002,SAMUEL,19
2002,ANGELO,18
2002,DARIO,18
2002,THOMAS,16
2002,ELIA,16
2002,GABRIEL,16
2002,MARIO,15
2002,MICHAEL,15
2002,DANIEL,15
2002,RAFFAELE,15
2002,GIORGIO,14
2002,NICHOLAS,14
2002,MOHAMED,13
2002,GAETANO,13
2002,NICOLA,12
2002,AHMED,12
2002,MASSIMILIANO,12
2002,NICCOLO',11
2002,CIRO,10
2002,MIRCO,10
2002,MAICOL,10
2002,DIEGO,9
2002,SEBASTIANO,9
2002,MARCELLO,9
2002,EUGENIO,9
2002,CLAUDIO,8
2002,GIULIO,8
2002,AYOUB,8
2002,DENIS,8
2002,MIRKO,8
2002,CARMINE,8
2002,VITTORIO,8
2002,FABRIZIO,8
2002,CARLO,7
2002,CRISTIANO,7
2002,MASSIMO,7
2002,PATRICK,7
2002,ERIK,7
2002,AMIN,7
2002,NICOLAS,7
2002,SAVERIO,7
2002,YASSINE,7
2002,ROSARIO,6
2002,YOUSSEF,6
2002,ROCCO,6
2002,YASSIN,6
2002,FLAVIO,6
2002,PASQUALE,6
2002,JONATHAN,5
2002,SERGIO,5
2002,KRISTIAN,5
2002,UMBERTO,5
2002,CORRADO,5
2002,EMILIANO,5
2002,VALERIO,5
2002,LUDOVICO,5
2002,IVAN,5
2002,HAMZA,5
2002,MAURIZIO,5
2002,EMMANUEL,5
2002,DANILO,5
2001,MATTEO,212
2001,ANDREA,201
2001,ALESSANDRO,191
2001,LUCA,166
2001,FRANCESCO,162
2001,DAVIDE,144
2001,FEDERICO,117
2001,RICCARDO,114
2001,LORENZO,109
2001,SIMONE,108
2001,MARCO,104
2001,MATTIA,89
2001,GABRIELE,86
2001,GIOVANNI,74
2001,FILIPPO,73
2001,DANIELE,61
2001,STEFANO,61
2001,GIUSEPPE,54
2001,ANTONIO,53
2001,TOMMASO,50
2001,ALEX,48
2001,NICOLO',46
2001,FABIO,46
2001,CHRISTIAN,44
2001,SAMUELE,41
2001,ALESSIO,40
2001,PIETRO,38
2001,GIACOMO,37
2001,MICHELE,36
2001,EMANUELE,34
2001,CRISTIAN,33
2001,SALVATORE,31
2001,MANUEL,29
2001,LEONARDO,29
2001,ALBERTO,28
2001,VINCENZO,28
2001,PAOLO,28
2001,LUIGI,27
2001,ROBERTO,26
2001,ENRICO,26
2001,DOMENICO,26
2001,EDOARDO,23
2001,OMAR,22
2001,GIANLUCA,21
2001,JACOPO,21
2001,KEVIN,20
2001,DARIO,20
2001,MARIO,18
2001,SAMUEL,17
2001,NICHOLAS,16
2001,MICHAEL,15
2001,GIORGIO,15
2001,ANGELO,15
2001,NICOLA,14
2001,MASSIMILIANO,14
2001,GAETANO,14
2001,THOMAS,14
2001,NICCOLO',12
2001,MAICOL,12
2001,ELIA,12
2001,RAFFAELE,11
2001,MOHAMED,11
2001,MIRCO,10
2001,MARCELLO,10
2001,DANIEL,10
2001,CLAUDIO,10
2001,VITTORIO,10
2001,EUGENIO,9
2001,FABRIZIO,9
2001,AHMED,9
2001,CIRO,9
2001,MASSIMO,9
2001,MIRKO,9
2001,ERIK,8
2001,AYOUB,8
2001,SEBASTIANO,8
2001,CARLO,8
2001,DIEGO,8
2001,DANILO,7
2001,CARMINE,7
2001,PASQUALE,7
2001,UMBERTO,7
2001,GABRIEL,7
2001,CRISTIANO,7
2001,VALERIO,7
2001,PATRICK,6
2001,AMIN,6
2001,YASSINE,6
2001,SERGIO,6
2001,NICOLAS,6
2001,ROCCO,6
2001,CORRADO,6
2001,HAMZA,5
2001,LUDOVICO,5
2001,EMILIANO,5
2001,ANTONINO,5
2001,FLAVIO,5
2001,SAVERIO,5
2001,KARIM,5
2001,KRISTIAN,5
2001,IVAN,5
2001,GREGORIO,5
2001,DENIS,5
2000,MATTEO,206
2000,ANDREA,187
2000,ALESSANDRO,180
2000,LUCA,163
2000,FRANCESCO,155
2000,DAVIDE,139
2000,FEDERICO,118
2000,MARCO,109
2000,RICCARDO,109
2000,SIMONE,105
2000,LORENZO,98
2000,MATTIA,86
2000,GABRIELE,80
2000,GIOVANNI,76
2000,FILIPPO,74
2000,DANIELE,65
2000,STEFANO,55
2000,FABIO,53
2000,ANTONIO,52
2000,TOMMASO,49
2000,NICOLO',49
2000,GIUSEPPE,46
2000,ALEX,46
2000,CHRISTIAN,38
2000,ALESSIO,38
2000,SAMUELE,36
2000,PIETRO,34
2000,GIACOMO,33
2000,EMANUELE,32
2000,CRISTIAN,31
2000,MICHELE,30
2000,ROBERTO,28
2000,SALVATORE,27
2000,ALBERTO,26
2000,ENRICO,26
2000,VINCENZO,26
2000,DOMENICO,25
2000,LUIGI,25
2000,PAOLO,24
2000,EDOARDO,22
2000,MANUEL,22
2000,JACOPO,21
2000,GIANLUCA,20
2000,DARIO,20
2000,KEVIN,19
2000,LEONARDO,19
2000,NICOLA,19
2000,OMAR,18
2000,MARIO,17
2000,GIORGIO,15
2000,NICCOLO',15
2000,MICHAEL,15
2000,RAFFAELE,14
2000,MARCELLO,14
2000,NICHOLAS,14
2000,ANGELO,13
2000,CLAUDIO,12
2000,MASSIMILIANO,12
2000,MAICOL,12
2000,THOMAS,11
2000,VITTORIO,11
2000,ELIA,11
2000,SAMUEL,10
2000,VALERIO,10
2000,GAETANO,9
2000,ERIK,9
2000,CARMINE,9
2000,CRISTIANO,9
2000,DIEGO,8
2000,MIRKO,8
2000,AHMED,8
2000,DANILO,8
2000,MOHAMED,8
2000,MIRCO,8
2000,FABRIZIO,8
2000,SERGIO,8
2000,DANIEL,8
2000,CIRO,7
2000,MASSIMO,7
2000,EUGENIO,7
2000,PASQUALE,7
2000,AYOUB,6
2000,SAVERIO,6
2000,CARLO,6
2000,DENIS,5
2000,KARIM,5
2000,EMMANUEL,5
2000,GABRIEL,5
2000,YASSINE,5
2000,DAVID,5
2000,LUDOVICO,5
2000,VITO,5
2000,CORRADO,5
2000,IVAN,5
2000,ROCCO,5
2000,FLAVIO,5
2000,UMBERTO,5
2000,SEBASTIANO,5
2000,DAMIANO,5
2015,SOFIA,162
2015,GIULIA,135
2015,MARTINA,95
2015,AURORA,89
2015,EMMA,81
2015,SARA,77
2015,CHIARA,76
2015,MATILDE,71
2015,ALICE,67
2015,GIORGIA,64
2015,ALESSIA,61
2015,ANNA,61
2015,VIOLA,59
2015,BEATRICE,57
2015,ARIANNA,56
2015,NOEMI,52
2015,ELEONORA,49
2015,GAIA,45
2015,REBECCA,45
2015,GIADA,44
2015,GINEVRA,44
2015,NICOLE,44
2015,FRANCESCA,42
2015,IRENE,41
2015,GRETA,41
2015,CECILIA,36
2015,LAURA,36
2015,ELENA,35
2015,CAMILLA,34
2015,ELISA,33
2015,MARGHERITA,31
2015,MELISSA,30
2015,LUCIA,30
2015,SERENA,28
2015,ILARIA,27
2015,BIANCA,27
2015,BENEDETTA,26
2015,CATERINA,26
2015,LUDOVICA,25
2015,ASIA,25
2015,VALENTINA,24
2015,MIA,24
2015,ANGELICA,23
2015,VITTORIA,23
2015,MARTA,22
2015,SABRINA,22
2015,FEDERICA,22
2015,LINDA,21
2015,CARLOTTA,21
2015,ALESSANDRA,20
2015,LETIZIA,20
2015,ANITA,18
2015,VIRGINIA,17
2015,MICHELLE,17
2015,GIOIA,15
2015,VERONICA,15
2015,ADELE,15
2015,AGATA,14
2015,MIRIAM,13
2015,EMILY,13
2015,GLORIA,13
2015,MALAK,13
2015,ELISABETTA,13
2015,SOPHIA,12
2015,AMIRA,12
2015,ISABELLA,11
2015,LISA,11
2015,YASMINE,11
2015,ISABEL,11
2015,MARIA,10
2015,JESSICA,10
2015,MARIANNA,10
2015,ERIKA,10
2015,CAROLINA,10
2015,AICHA,9
2015,VICTORIA,9
2015,DIANA,9
2015,INES,8
2015,ZOE,8
2015,ESTER,8
2015,CLOE,8
2015,VANESSA,8
2015,AMELIA,8
2015,CARMEN,8
2015,NINA,8
2015,OLIVIA,7
2015,SIMONA,7
2015,RACHELE,7
2015,YASMIN,7
2015,CELESTE,7
2015,KHADIJA,7
2015,EVA,7
2015,ALLEGRA,7
2015,NADIA,7
2015,AGNESE,6
2015,SIRIA,6
2015,LARA,6
2015,EMANUELA,6
2015,LUNA,6
2015,LUCREZIA,6
2015,JANNAT,6
2015,AMANDA,6
2015,AZZURRA,6
2015,IRIS,6
2015,JENNIFER,6
2015,ANGELA,6
2015,VALERIA,6
2015,MARIAM,6
2015,YARA,6
2015,ANNALISA,6
2015,ANDREA,6
2015,ILARY,6
2015,ISRAA,6
2015,RIM,6
2015,SARAH,6
2015,CLAUDIA,5
2015,MAYA,5
2015,SUSANNA,5
2015,YLENIA,5
2015,MARYAM,5
2015,MYRIAM,5
2015,RITA,5
2015,MYA,5
2015,MAIA,5
2015,AMINA,5
2015,ANASTASIA,5
2015,AMBRA,5
2015,KLEA,5
2015,MADDALENA,5
2015,YOUSRA,5
2015,STELLA,5
2015,ILENIA,5
2015,HAJAR,5
2015,SILVIA,5
2015,DESIREE,5
2015,DENISE,5
2015,MICHELA,5
2015,AYA,5
2015,MARWA,5
2015,MARIA VITTORIA,5
2015,FATIMA ZAHRA,5
2014,SOFIA,156
2014,GIULIA,149
2014,MARTINA,107
2014,SARA,99
2014,CHIARA,83
2014,EMMA,83
2014,ALICE,82
2014,AURORA,79
2014,MATILDE,68
2014,ALESSIA,67
2014,VIOLA,61
2014,BEATRICE,61
2014,ANNA,60
2014,GIORGIA,59
2014,ARIANNA,56
2014,NOEMI,54
2014,GAIA,48
2014,ELEONORA,48
2014,NICOLE,44
2014,FRANCESCA,43
2014,REBECCA,42
2014,LAURA,42
2014,GINEVRA,42
2014,IRENE,40
2014,ELISA,39
2014,ELENA,36
2014,GRETA,36
2014,ILARIA,35
2014,GIADA,33
2014,CAMILLA,33
2014,CECILIA,32
2014,MARGHERITA,30
2014,ASIA,30
2014,LUCIA,30
2014,MELISSA,30
2014,BENEDETTA,29
2014,CATERINA,28
2014,SERENA,28
2014,SABRINA,27
2014,VALENTINA,27
2014,MARTA,25
2014,VITTORIA,25
2014,LUDOVICA,24
2014,FEDERICA,23
2014,CARLOTTA,22
2014,ALESSANDRA,22
2014,BIANCA,21
2014,ANGELICA,21
2014,MIA,21
2014,VERONICA,21
2014,LETIZIA,19
2014,VIRGINIA,18
2014,ANITA,17
2014,LINDA,16
2014,MIRIAM,14
2014,MICHELLE,14
2014,AGATA,14
2014,YASMINE,13
2014,EMILY,13
2014,MALAK,12
2014,ISABEL,12
2014,LISA,12
2014,ADELE,11
2014,NADIA,11
2014,SOPHIA,11
2014,MARIA,11
2014,ELISABETTA,11
2014,VANESSA,11
2014,LUCREZIA,10
2014,VICTORIA,10
2014,MARIANNA,10
2014,JESSICA,10
2014,MARWA,10
2014,AICHA,9
2014,ERIKA,9
2014,GIOIA,9
2014,EVA,9
2014,AMIRA,9
2014,CARMEN,8
2014,GLORIA,8
2014,YASMIN,8
2014,DENISE,8
2014,ANNALISA,8
2014,ISABELLA,8
2014,INES,8
2014,KHADIJA,8
2014,ZOE,8
2014,EMANUELA,8
2014,AYA,7
2014,RACHELE,7
2014,SIRIA,7
2014,AGNESE,7
2014,NINA,7
2014,AZZURRA,7
2014,SUSANNA,7
2014,VALERIA,7
2014,IRIS,7
2014,JENNIFER,7
2014,AMELIA,7
2014,MADDALENA,7
2014,SIMONA,7
2014,ESTER,7
2014,SARAH,6
2014,CLOE,6
2014,ALLEGRA,6
2014,MARYAM,6
2014,CELESTE,6
2014,CAROLINA,6
2014,YARA,6
2014,YLENIA,6
2014,DIANA,6
2014,MAYA,6
2014,STELLA,6
2014,ANNAMARIA,6
2014,MARIKA,6
2014,AMINA,6
2014,HIBA,6
2014,ISRAA,6
2014,RIM,6
2014,MARIAM,6
2014,CRISTINA,5
2014,MAIA,5
2014,SHARON,5
2014,MICHELA,5
2014,BASMA,5
2014,LORENA,5
2014,DANIELA,5
2014,FATIMA,5
2014,LIDIA,5
2014,LUNA,5
2014,STEFANIA,5
2014,YOUSRA,5
2014,JANNAT,5
2014,MYRIAM,5
2014,PAOLA,5
2014,SILVIA,5
2014,LARA,5
2014,AMANDA,5
2014,LINA,5
2014,ANGELA,5
2013,SOFIA,159
2013,GIULIA,153
2013,MARTINA,116
2013,SARA,111
2013,CHIARA,99
2013,EMMA,83
2013,ALICE,81
2013,ALESSIA,80
2013,AURORA,76
2013,MATILDE,69
2013,BEATRICE,62
2013,VIOLA,60
2013,ANNA,59
2013,ARIANNA,57
2013,NOEMI,56
2013,GIORGIA,54
2013,NICOLE,46
2013,LAURA,45
2013,FRANCESCA,44
2013,ELEONORA,44
2013,REBECCA,44
2013,GRETA,42
2013,GAIA,41
2013,IRENE,39
2013,GIADA,39
2013,ELISA,39
2013,GINEVRA,37
2013,ELENA,35
2013,ILARIA,35
2013,ASIA,34
2013,MELISSA,32
2013,VALENTINA,32
2013,VITTORIA,30
2013,MARGHERITA,30
2013,SERENA,29
2013,CAMILLA,29
2013,SABRINA,28
2013,LUCIA,27
2013,BENEDETTA,27
2013,ANGELICA,26
2013,CECILIA,26
2013,MARTA,26
2013,CARLOTTA,25
2013,LUDOVICA,24
2013,CATERINA,24
2013,FEDERICA,24
2013,LETIZIA,22
2013,VERONICA,20
2013,ALESSANDRA,20
2013,BIANCA,19
2013,MARIA,16
2013,MALAK,15
2013,MIA,15
2013,LINDA,15
2013,VIRGINIA,15
2013,ELISABETTA,15
2013,LISA,15
2013,YASMINE,14
2013,AGATA,14
2013,JESSICA,14
2013,MIRIAM,13
2013,AGNESE,13
2013,MICHELLE,13
2013,ANITA,13
2013,LUCREZIA,12
2013,ISABEL,12
2013,VANESSA,12
2013,EMILY,12
2013,MARIANNA,11
2013,LINA,11
2013,HIBA,11
2013,NADIA,11
2013,EMANUELA,11
2013,MARWA,11
2013,GLORIA,10
2013,ERIKA,10
2013,EVA,10
2013,VICTORIA,10
2013,AICHA,10
2013,SARAH,9
2013,SOPHIA,9
2013,SIRIA,9
2013,ADELE,9
2013,AMINA,9
2013,SUSANNA,9
2013,AYA,8
2013,ZOE,8
2013,CLAUDIA,8
2013,CARMEN,8
2013,ISABELLA,8
2013,YASMIN,7
2013,RACHELE,7
2013,YLENIA,7
2013,INES,7
2013,AMIRA,7
2013,CRISTINA,7
2013,ANNALISA,7
2013,MAYA,7
2013,DENISE,7
2013,SIMONA,7
2013,ESTER,7
2013,FATIMA,6
2013,ILARY,6
2013,LIDIA,6
2013,NADA,6
2013,ANGELA,6
2013,SILVIA,6
2013,MARIA STELLA,6
2013,MARIACHIARA,6
2013,LUNA,6
2013,CLARISSA,6
2013,MARIA VITTORIA,6
2013,AZZURRA,6
2013,IRIS,6
2013,KHADIJA,6
2013,VALERIA,6
2013,MADDALENA,6
2013,ANNAMARIA,5
2013,MARIKA,5
2013,MAIA,5
2013,YOUSRA,5
2013,CELESTE,5
2013,JANNAT,5
2013,JENNIFER,5
2013,STEFANIA,5
2013,DIANA,5
2013,BASMA,5
2013,PAOLA,5
2013,RIM,5
2013,ALLEGRA,5
2013,CLOE,5
2013,ERICA,5
2013,ALICE MARIA,5
2013,AMELIA,5
2013,NINA,5
2013,CAROLINA,5
2013,MARIAM,5
2012,SOFIA,163
2012,GIULIA,159
2012,SARA,135
2012,MARTINA,130
2012,CHIARA,96
2012,ALICE,91
2012,ALESSIA,86
2012,EMMA,84
2012,AURORA,81
2012,MATILDE,74
2012,GIORGIA,60
2012,BEATRICE,59
2012,ANNA,59
2012,VIOLA,53
2012,FRANCESCA,52
2012,NOEMI,52
2012,ARIANNA,52
2012,LAURA,47
2012,ELISA,46
2012,NICOLE,44
2012,GAIA,43
2012,GIADA,43
2012,ELEONORA,43
2012,IRENE,42
2012,GRETA,41
2012,ILARIA,40
2012,VALENTINA,40
2012,SERENA,39
2012,MARGHERITA,36
2012,ASIA,36
2012,REBECCA,36
2012,ELENA,35
2012,MELISSA,34
2012,GINEVRA,32
2012,CATERINA,31
2012,ANGELICA,30
2012,CAMILLA,29
2012,FEDERICA,28
2012,SABRINA,28
2012,VITTORIA,26
2012,CARLOTTA,25
2012,LUCIA,25
2012,BENEDETTA,25
2012,MARTA,24
2012,CECILIA,24
2012,LUDOVICA,22
2012,ALESSANDRA,22
2012,MARIA,21
2012,LETIZIA,20
2012,ELISABETTA,19
2012,VERONICA,19
2012,LINDA,17
2012,YASMINE,17
2012,AGNESE,17
2012,ANITA,16
2012,LUCREZIA,15
2012,MALAK,14
2012,BIANCA,14
2012,AGATA,13
2012,MIRIAM,13
2012,LISA,13
2012,VANESSA,13
2012,VIRGINIA,12
2012,MICHELLE,12
2012,LINA,12
2012,EVA,12
2012,NADIA,11
2012,MIA,11
2012,ERIKA,10
2012,SOPHIA,10
2012,GLORIA,10
2012,AICHA,10
2012,MARWA,10
2012,EMILY,10
2012,AYA,10
2012,JESSICA,9
2012,EMANUELA,9
2012,INES,9
2012,CLAUDIA,9
2012,ANNALISA,9
2012,MARIANNA,9
2012,SUSANNA,9
2012,AMIRA,9
2012,HIBA,9
2012,SIRIA,9
2012,MARIKA,9
2012,ISABELLA,8
2012,ADELE,8
2012,ILARY,8
2012,ZOE,8
2012,CARMEN,8
2012,SIMONA,8
2012,ISABEL,8
2012,DENISE,7
2012,MARIACHIARA,7
2012,VALERIA,7
2012,KHADIJA,7
2012,ESTER,7
2012,VICTORIA,7
2012,NINA,7
2012,FATIMA,7
2012,MARIAM,7
2012,YASMIN,7
2012,MADDALENA,7
2012,IRIS,7
2012,MAYA,7
2012,YLENIA,7
2012,SILVIA,7
2012,AMINA,7
2012,SARAH,7
2012,ANASTASIA,7
2012,ANNAMARIA,6
2012,AMBRA,6
2012,PAOLA,6
2012,BASMA,6
2012,MARIA VITTORIA,6
2012,JENNIFER,6
2012,RIM,6
2012,CLARISSA,6
2012,RACHELE,6
2012,NOUR,6
2012,GABRIELA,6
2012,SHARON,6
2012,NADA,6
2012,MARIA STELLA,6
2012,MONICA,5
2012,DANIELA,5
2012,LAVINIA,5
2012,ANDREA,5
2012,DARIA,5
2012,LIVIA,5
2012,LIDIA,5
2012,NICOL,5
2012,LUISA,5
2012,ANGELA,5
2012,LUNA,5
2012,ERICA,5
2012,MYRIAM,5
2012,AZZURRA,5
2012,CRISTINA,5
2012,MAIA,5
2012,STEFANIA,5
2012,CAROLINA,5
2011,GIULIA,165
2011,SOFIA,160
2011,SARA,150
2011,MARTINA,127
2011,CHIARA,107
2011,ALICE,104
2011,ALESSIA,88
2011,EMMA,78
2011,AURORA,73
2011,MATILDE,68
2011,BEATRICE,65
2011,ANNA,65
2011,FRANCESCA,59
2011,VIOLA,56
2011,GIORGIA,55
2011,ARIANNA,54
2011,GIADA,54
2011,NOEMI,51
2011,LAURA,49
2011,ELISA,47
2011,ELEONORA,45
2011,NICOLE,45
2011,GAIA,44
2011,GRETA,43
2011,IRENE,43
2011,ELENA,42
2011,VALENTINA,42
2011,ASIA,37
2011,MARGHERITA,36
2011,REBECCA,36
2011,ILARIA,35
2011,SERENA,34
2011,CAMILLA,34
2011,CATERINA,34
2011,ANGELICA,31
2011,FEDERICA,29
2011,VITTORIA,28
2011,SABRINA,28
2011,BENEDETTA,28
2011,GINEVRA,26
2011,ALESSANDRA,26
2011,MELISSA,26
2011,MARTA,24
2011,LETIZIA,24
2011,CARLOTTA,24
2011,LUCIA,22
2011,VERONICA,22
2011,MARIA,21
2011,ELISABETTA,20
2011,MALAK,18
2011,CECILIA,18
2011,AGNESE,17
2011,AGATA,17
2011,LUDOVICA,16
2011,MICHELLE,15
2011,LUCREZIA,14
2011,MADDALENA,14
2011,YASMINE,14
2011,AICHA,13
2011,GLORIA,12
2011,ANNALISA,12
2011,HIBA,12
2011,EVA,12
2011,VANESSA,12
2011,NADIA,12
2011,LINDA,12
2011,MIRIAM,11
2011,BIANCA,11
2011,SILVIA,11
2011,LINA,11
2011,LISA,11
2011,SUSANNA,11
2011,AYA,10
2011,SOPHIA,10
2011,ANITA,10
2011,EMILY,10
2011,MARIANNA,10
2011,VIRGINIA,10
2011,ERIKA,10
2011,ISABEL,10
2011,MARWA,10
2011,ISABELLA,10
2011,MARIKA,10
2011,CRISTINA,9
2011,EMANUELA,9
2011,VALERIA,9
2011,SIRIA,9
2011,VICTORIA,9
2011,MARIAM,9
2011,IRIS,9
2011,INES,8
2011,MARIACHIARA,8
2011,AMBRA,8
2011,MAYA,8
2011,ANASTASIA,8
2011,AMIRA,8
2011,JESSICA,8
2011,CLAUDIA,8
2011,SIMONA,8
2011,NINA,8
2011,DENISE,8
2011,ILARY,8
2011,ESTER,8
2011,CLARISSA,8
2011,KHADIJA,7
2011,NOUR,7
2011,JENNIFER,7
2011,STEFANIA,7
2011,MARIA VITTORIA,7
2011,GABRIELA,6
2011,CARMEN,6
2011,YLENIA,6
2011,ADELE,6
2011,RIM,6
2011,PAOLA,6
2011,ALEXANDRA,6
2011,MIA,6
2011,DANIELA,6
2011,SHARON,6
2011,CAROLINA,6
2011,ZOE,6
2011,FATIMA,6
2011,KRISTEL,6
2011,IMAN,6
2011,MARIA STELLA,6
2011,DIANA,6
2011,ILENIA,6
2011,ANNAMARIA,6
2011,NADA,6
2011,RAFFAELLA,5
2011,MONICA,5
2011,YOUSRA,5
2011,MAIA,5
2011,YASMIN,5
2011,STELLA,5
2011,AMINA,5
2011,DALILA,5
2011,MICHELA,5
2011,NICOL,5
2011,ERICA,5
2011,CLARA,5
2011,NATALIA,5
2011,ANGELA,5
2011,SARAH,5
2011,MARIA CHIARA,5
2011,LUNA,5
2011,MATILDA,5
2011,HABIBA,5
2011,BASMA,5
2011,RITA,5
2010,GIULIA,176
2010,SOFIA,149
2010,SARA,145
2010,MARTINA,141
2010,CHIARA,114
2010,ALICE,109
2010,ALESSIA,93
2010,FRANCESCA,67
2010,ANNA,67
2010,EMMA,66
2010,BEATRICE,65
2010,MATILDE,64
2010,AURORA,63
2010,LAURA,60
2010,ARIANNA,55
2010,GIADA,51
2010,VALENTINA,50
2010,ELISA,47
2010,GRETA,46
2010,GIORGIA,45
2010,VIOLA,44
2010,ASIA,44
2010,ELEONORA,43
2010,IRENE,42
2010,REBECCA,41
2010,ELENA,41
2010,NOEMI,41
2010,NICOLE,40
2010,GAIA,38
2010,SERENA,37
2010,ILARIA,36
2010,FEDERICA,35
2010,MARGHERITA,33
2010,ANGELICA,31
2010,CATERINA,30
2010,CARLOTTA,27
2010,MARTA,27
2010,CAMILLA,27
2010,LUCIA,27
2010,ALESSANDRA,27
2010,MELISSA,26
2010,BENEDETTA,26
2010,VERONICA,24
2010,SABRINA,24
2010,VITTORIA,23
2010,LETIZIA,23
2010,MARIA,22
2010,AGNESE,20
2010,CECILIA,20
2010,GINEVRA,17
2010,AGATA,17
2010,MALAK,17
2010,MADDALENA,16
2010,ELISABETTA,16
2010,YASMINE,15
2010,MICHELLE,15
2010,VANESSA,14
2010,SILVIA,14
2010,CRISTINA,13
2010,LINDA,13
2010,BIANCA,13
2010,EVA,13
2010,LUCREZIA,13
2010,ERIKA,13
2010,AICHA,12
2010,MIRIAM,12
2010,GLORIA,12
2010,LINA,12
2010,HIBA,12
2010,ANITA,11
2010,MARIACHIARA,11
2010,ISABEL,11
2010,NADIA,11
2010,ISABELLA,11
2010,SIMONA,11
2010,MARIAM,11
2010,EMANUELA,10
2010,MARWA,10
2010,ANGELA,10
2010,LISA,10
2010,IRIS,10
2010,MARIKA,10
2010,ANNALISA,10
2010,SHARON,9
2010,CLAUDIA,9
2010,SUSANNA,9
2010,JENNIFER,9
2010,LUDOVICA,9
2010,AMBRA,9
2010,AYA,9
2010,CLARISSA,9
2010,VALERIA,9
2010,MAYA,8
2010,VIRGINIA,8
2010,SIRIA,8
2010,IMAN,8
2010,VICTORIA,8
2010,DIANA,8
2010,DENISE,8
2010,ILARY,7
2010,ESTER,7
2010,KHADIJA,7
2010,MICHELA,7
2010,MARIA VITTORIA,7
2010,EMILY,7
2010,MONICA,7
2010,ILENIA,7
2010,ALEXANDRA,7
2010,SOPHIA,7
2010,JESSICA,7
2010,ANASTASIA,7
2010,STEFANIA,6
2010,NOUR,6
2010,KRISTEL,6
2010,DEBORA,6
2010,ADELE,6
2010,YASMIN,6
2010,RACHELE,6
2010,MARIANNA,6
2010,GIUSY,6
2010,INES,6
2010,LARA,6
2010,AMIRA,6
2010,CAROLINA,6
2010,DANIELA,6
2010,JASMINE,6
2010,PAOLA,6
2010,HABIBA,5
2010,CARMEN,5
2010,MARIAVITTORIA,5
2010,ERICA,5
2010,STELLA,5
2010,MELANIA,5
2010,JULIA,5
2010,ANNAMARIA,5
2010,MARIA STELLA,5
2010,MATILDA,5
2010,MIA,5
2010,MAIA,5
2010,DALILA,5
2010,BASMA,5
2010,VIVIANA,5
2010,NATALIA,5
2010,ALLEGRA,5
2010,LUNA,5
2010,SABINA,5
2010,GABRIELA,5
2010,KATIA,5
2010,CLARA,5
2010,NICOL,5
2009,GIULIA,188
2009,MARTINA,158
2009,SARA,154
2009,SOFIA,136
2009,ALICE,120
2009,CHIARA,117
2009,ALESSIA,104
2009,FRANCESCA,79
2009,MATILDE,68
2009,ANNA,67
2009,BEATRICE,60
2009,GIADA,59
2009,VALENTINA,57
2009,ELISA,56
2009,EMMA,55
2009,LAURA,54
2009,AURORA,53
2009,GRETA,49
2009,ARIANNA,49
2009,ASIA,46
2009,GAIA,46
2009,GIORGIA,45
2009,ELEONORA,43
2009,IRENE,41
2009,ILARIA,40
2009,VIOLA,39
2009,REBECCA,39
2009,NOEMI,39
2009,SERENA,38
2009,FEDERICA,37
2009,ELENA,36
2009,NICOLE,35
2009,MARGHERITA,34
2009,LUCIA,32
2009,CATERINA,31
2009,LETIZIA,29
2009,MARTA,28
2009,ALESSANDRA,28
2009,CAMILLA,26
2009,ANGELICA,26
2009,CARLOTTA,25
2009,AGNESE,25
2009,VERONICA,25
2009,BENEDETTA,25
2009,CECILIA,24
2009,SABRINA,23
2009,MARIA,21
2009,VITTORIA,20
2009,MALAK,19
2009,MELISSA,18
2009,MADDALENA,18
2009,LINDA,18
2009,YASMINE,17
2009,AGATA,17
2009,ELISABETTA,16
2009,GINEVRA,15
2009,LISA,14
2009,VANESSA,14
2009,CRISTINA,14
2009,SIMONA,13
2009,MICHELLE,13
2009,EMANUELA,13
2009,CLAUDIA,13
2009,LINA,13
2009,ANGELA,13
2009,MIRIAM,13
2009,ERIKA,12
2009,ANITA,12
2009,LUCREZIA,12
2009,SILVIA,12
2009,ISABELLA,12
2009,HIBA,12
2009,DENISE,11
2009,MARIKA,11
2009,ANNALISA,11
2009,EVA,11
2009,SUSANNA,11
2009,MARWA,10
2009,GLORIA,10
2009,MARIAM,10
2009,MARIACHIARA,10
2009,LUDOVICA,9
2009,ISABEL,9
2009,SHARON,9
2009,JESSICA,9
2009,MARIANNA,9
2009,BIANCA,9
2009,EMILY,8
2009,VICTORIA,8
2009,RITA,8
2009,AMBRA,8
2009,VALERIA,8
2009,JENNIFER,8
2009,MARIA VITTORIA,8
2009,NADIA,8
2009,IRIS,8
2009,CLARA,7
2009,ANTONELLA,7
2009,JASMINE,7
2009,DIANA,7
2009,MONICA,7
2009,ILENIA,7
2009,CLARISSA,7
2009,AICHA,7
2009,MELANIA,7
2009,SIRIA,6
2009,ANNAMARIA,6
2009,ANDREA,6
2009,MICHELA,6
2009,MARIA CHIARA,6
2009,LUNA,6
2009,AYA,6
2009,ALEXANDRA,6
2009,CAROLINA,6
2009,KHADIJA,6
2009,AMIRA,6
2009,STEFANIA,6
2009,ESTER,6
2009,LARA,6
2009,DANIELA,6
2009,IMAN,6
2009,PAOLA,6
2009,GIUSY,6
2009,HABIBA,6
2009,MANUELA,5
2009,SALMA,5
2009,NICOL,5
2009,ILARY,5
2009,MARINA,5
2009,SOPHIA,5
2009,FLAVIA,5
2009,COSTANZA,5
2009,KATIA,5
2009,NINA,5
2009,RIM,5
2009,FRANCESCA PIA,5
2009,DEBORA,5
2009,ANASTASIA,5
2009,ALLEGRA,5
2009,RACHELE,5
2009,STELLA,5
2009,GIULIA MARIA,5
2009,MARIEM,5
2009,BARBARA,5
2009,RAFFAELLA,5
2009,SAMIRA,5
2009,AZZURRA,5
2009,DALILA,5
2008,GIULIA,192
2008,MARTINA,172
2008,SARA,152
2008,SOFIA,129
2008,CHIARA,120
2008,ALICE,112
2008,ALESSIA,112
2008,FRANCESCA,90
2008,ANNA,63
2008,VALENTINA,63
2008,GIADA,62
2008,MATILDE,62
2008,BEATRICE,59
2008,ELISA,57
2008,AURORA,57
2008,LAURA,55
2008,GIORGIA,52
2008,ASIA,50
2008,GAIA,49
2008,GRETA,48
2008,ARIANNA,47
2008,ELEONORA,46
2008,ELENA,45
2008,EMMA,45
2008,IRENE,42
2008,ILARIA,42
2008,FEDERICA,39
2008,NOEMI,37
2008,REBECCA,37
2008,MARGHERITA,36
2008,SERENA,36
2008,LUCIA,33
2008,VIOLA,32
2008,NICOLE,32
2008,ALESSANDRA,31
2008,ANGELICA,30
2008,LETIZIA,30
2008,CATERINA,28
2008,CECILIA,26
2008,VERONICA,24
2008,CAMILLA,24
2008,SABRINA,24
2008,CARLOTTA,23
2008,AGNESE,23
2008,BENEDETTA,22
2008,MARTA,20
2008,MADDALENA,19
2008,VITTORIA,19
2008,MELISSA,18
2008,ELISABETTA,17
2008,ANGELA,17
2008,MARIA,17
2008,AGATA,17
2008,MALAK,16
2008,LINDA,16
2008,SILVIA,15
2008,ERIKA,15
2008,DENISE,15
2008,VANESSA,14
2008,YASMINE,14
2008,GINEVRA,14
2008,MICHELLE,14
2008,JESSICA,13
2008,SIMONA,13
2008,ANITA,13
2008,GLORIA,13
2008,ISABELLA,13
2008,LISA,13
2008,CLAUDIA,13
2008,VICTORIA,11
2008,MARIACHIARA,11
2008,MIRIAM,11
2008,ANNALISA,11
2008,SHARON,11
2008,MARIKA,10
2008,HIBA,10
2008,RITA,9
2008,EMANUELA,9
2008,AYA,9
2008,JASMINE,9
2008,LUDOVICA,9
2008,SUSANNA,9
2008,LINA,9
2008,MARIAM,9
2008,CRISTINA,9
2008,MARIANNA,9
2008,IRIS,9
2008,LUCREZIA,9
2008,ANASTASIA,8
2008,COSTANZA,8
2008,ANTONELLA,8
2008,MICHELA,8
2008,JENNIFER,8
2008,GIUSY,8
2008,ISABEL,8
2008,BIANCA,8
2008,ERICA,7
2008,CLARA,7
2008,MONICA,7
2008,DEBORA,7
2008,LARA,7
2008,EMILY,7
2008,DIANA,7
2008,ILENIA,7
2008,MELANIA,6
2008,HABIBA,6
2008,LUNA,6
2008,MARIA VITTORIA,6
2008,VALERIA,6
2008,MARINA,6
2008,PAOLA,6
2008,STEFANIA,6
2008,KHADIJA,6
2008,MARIA CHIARA,6
2008,CAROLINA,6
2008,SOPHIA,6
2008,RAFFAELLA,6
2008,DANIELA,6
2008,KATIA,6
2008,EVA,6
2008,ALLEGRA,6
2008,IKRAM,6
2008,AMBRA,6
2008,DARIA,6
2008,MAJDA,5
2008,MARWA,5
2008,MANUELA,5
2008,SIRIA,5
2008,FATIMA,5
2008,FRANCESCA PIA,5
2008,ROSA,5
2008,GIOVANNA,5
2008,ROSANNA,5
2008,MARIEM,5
2008,ALEXANDRA,5
2008,NADIA,5
2008,GIULIA MARIA,5
2008,ESTER,5
2008,ILARY,5
2008,NADA,5
2008,BARBARA,5
2008,IMAN,5
2008,SALMA,5
2008,CLARISSA,5
2007,GIULIA,194
2007,MARTINA,181
2007,SARA,158
2007,CHIARA,122
2007,ALESSIA,115
2007,SOFIA,115
2007,ALICE,109
2007,FRANCESCA,93
2007,GIADA,68
2007,MATILDE,67
2007,ANNA,65
2007,ELISA,64
2007,VALENTINA,64
2007,LAURA,61
2007,BEATRICE,61
2007,AURORA,51
2007,ASIA,51
2007,GAIA,50
2007,ARIANNA,48
2007,GIORGIA,48
2007,ELEONORA,47
2007,ELENA,47
2007,GRETA,45
2007,ILARIA,44
2007,FEDERICA,43
2007,IRENE,42
2007,MARGHERITA,41
2007,REBECCA,41
2007,ALESSANDRA,37
2007,CECILIA,36
2007,EMMA,35
2007,LUCIA,32
2007,LETIZIA,32
2007,NICOLE,32
2007,SERENA,31
2007,VERONICA,29
2007,NOEMI,28
2007,SABRINA,27
2007,CARLOTTA,25
2007,CATERINA,25
2007,BENEDETTA,23
2007,VIOLA,22
2007,ANGELICA,22
2007,CAMILLA,22
2007,MARTA,20
2007,AGNESE,19
2007,ERIKA,19
2007,MADDALENA,19
2007,DENISE,18
2007,LINDA,17
2007,AGATA,16
2007,SILVIA,15
2007,ANGELA,15
2007,MARIA,15
2007,ELISABETTA,15
2007,LISA,14
2007,JESSICA,14
2007,ANITA,14
2007,VANESSA,14
2007,YASMINE,13
2007,ANNALISA,13
2007,AYA,12
2007,MARIANNA,12
2007,MARIKA,12
2007,MICHELLE,12
2007,MARIACHIARA,12
2007,GINEVRA,12
2007,MALAK,12
2007,SIMONA,11
2007,LUCREZIA,11
2007,JENNIFER,11
2007,RITA,11
2007,DANIELA,11
2007,MELISSA,11
2007,CRISTINA,11
2007,SUSANNA,10
2007,CLAUDIA,10
2007,ISABELLA,10
2007,MIRIAM,10
2007,GIUSY,9
2007,GLORIA,9
2007,ERICA,9
2007,JASMINE,9
2007,ANASTASIA,9
2007,LUDOVICA,9
2007,IRIS,9
2007,VITTORIA,9
2007,ANTONELLA,9
2007,DEBORA,8
2007,BIANCA,8
2007,ILENIA,8
2007,NADIA,8
2007,MARIAM,8
2007,LARA,8
2007,MICHELA,8
2007,COSTANZA,8
2007,SHARON,8
2007,EMANUELA,7
2007,GIOVANNA,7
2007,LUNA,7
2007,FATIMA,7
2007,RAFFAELLA,7
2007,VICTORIA,7
2007,ISABEL,7
2007,STEFANIA,7
2007,TERESA,7
2007,CAROLINA,7
2007,VALERIA,7
2007,ROSA,6
2007,FLAVIA,6
2007,ILARY,6
2007,HIBA,6
2007,IMAN,6
2007,AMBRA,6
2007,ANDREA,6
2007,PAOLA,6
2007,FRANCESCA PIA,6
2007,HABIBA,6
2007,CLARA,6
2007,ALLEGRA,6
2007,BARBARA,6
2007,GIULIA MARIA,5
2007,DARIA,5
2007,SONIA,5
2007,EMILY,5
2007,KATIA,5
2007,MELANIA,5
2007,DALILA,5
2007,CARMEN,5
2007,MANUELA,5
2007,DIANA,5
2007,IMANE,5
2007,SOPHIA,5
2006,GIULIA,198
2006,MARTINA,181
2006,SARA,168
2006,ALESSIA,125
2006,CHIARA,124
2006,ALICE,110
2006,FRANCESCA,95
2006,SOFIA,89
2006,ELISA,69
2006,GIADA,69
2006,ANNA,64
2006,MATILDE,62
2006,BEATRICE,62
2006,LAURA,60
2006,VALENTINA,60
2006,ARIANNA,58
2006,ELENA,49
2006,GRETA,49
2006,GAIA,47
2006,FEDERICA,47
2006,ELEONORA,45
2006,GIORGIA,45
2006,ASIA,43
2006,REBECCA,43
2006,ILARIA,42
2006,MARGHERITA,42
2006,AURORA,42
2006,CECILIA,36
2006,IRENE,35
2006,LETIZIA,34
2006,ALESSANDRA,33
2006,LUCIA,33
2006,EMMA,33
2006,NICOLE,33
2006,VERONICA,28
2006,BENEDETTA,27
2006,SABRINA,25
2006,NOEMI,25
2006,CAMILLA,24
2006,SERENA,23
2006,ERIKA,23
2006,CATERINA,22
2006,ANGELICA,20
2006,LINDA,20
2006,VIOLA,19
2006,MARTA,19
2006,MADDALENA,18
2006,ANGELA,18
2006,CARLOTTA,18
2006,AGNESE,17
2006,DENISE,17
2006,ELISABETTA,16
2006,SILVIA,16
2006,AGATA,15
2006,ANNALISA,15
2006,MICHELLE,14
2006,MARIA,13
2006,VITTORIA,13
2006,GINEVRA,13
2006,LISA,13
2006,MELISSA,12
2006,JESSICA,12
2006,VANESSA,11
2006,MARIANNA,11
2006,DANIELA,11
2006,SIMONA,11
2006,ERICA,11
2006,LARA,11
2006,MALAK,11
2006,CLAUDIA,10
2006,JASMINE,10
2006,YASMINE,10
2006,JENNIFER,10
2006,BARBARA,10
2006,MICHELA,9
2006,ANASTASIA,9
2006,LUCREZIA,9
2006,ILENIA,9
2006,ISABEL,9
2006,TERESA,9
2006,COSTANZA,9
2006,EMANUELA,9
2006,ISABELLA,9
2006,BIANCA,9
2006,MARIACHIARA,9
2006,LUNA,9
2006,LUDOVICA,9
2006,AYA,9
2006,CRISTINA,9
2006,SUSANNA,9
2006,FATIMA,8
2006,MARIA CHIARA,8
2006,SHARON,8
2006,FLAVIA,8
2006,GLORIA,8
2006,MIRIAM,8
2006,RITA,8
2006,MARIKA,8
2006,NADIA,8
2006,GIUSY,8
2006,GIOVANNA,8
2006,ANITA,8
2006,IRIS,7
2006,VICTORIA,7
2006,DEBORA,7
2006,CLARA,7
2006,SONIA,7
2006,KATIA,6
2006,ROSSELLA,6
2006,ALLEGRA,6
2006,EMILY,6
2006,HIBA,6
2006,ANTONELLA,6
2006,VALERIA,6
2006,ROSA,6
2006,DALILA,5
2006,STEFANIA,5
2006,RAFFAELLA,5
2006,FRANCESCA PIA,5
2006,CAROLINA,5
2006,ROSANNA,5
2006,MARIAM,5
2006,MANUELA,5
2006,MILENA,5
2006,NATALIA,5
2006,VIRGINIA,5
2006,ROBERTA,5
2006,CARMEN,5
2006,MARINA,5
2006,DARIA,5
2006,DIANA,5
2005,GIULIA,187
2005,MARTINA,183
2005,SARA,162
2005,ALESSIA,138
2005,CHIARA,135
2005,ALICE,105
2005,FRANCESCA,99
2005,LAURA,69
2005,SOFIA,69
2005,ELISA,66
2005,GIADA,65
2005,VALENTINA,62
2005,BEATRICE,60
2005,ARIANNA,58
2005,ANNA,58
2005,MATILDE,57
2005,ELENA,56
2005,GRETA,53
2005,FEDERICA,51
2005,ELEONORA,48
2005,ILARIA,47
2005,GAIA,46
2005,ASIA,43
2005,GIORGIA,42
2005,AURORA,41
2005,CECILIA,40
2005,LETIZIA,39
2005,ALESSANDRA,39
2005,MARGHERITA,37
2005,IRENE,35
2005,LUCIA,34
2005,REBECCA,34
2005,NICOLE,32
2005,VERONICA,30
2005,EMMA,28
2005,CAMILLA,27
2005,CATERINA,26
2005,BENEDETTA,24
2005,NOEMI,23
2005,ERIKA,22
2005,LINDA,22
2005,SERENA,21
2005,SABRINA,21
2005,ANGELICA,20
2005,CARLOTTA,19
2005,ANGELA,19
2005,MARTA,18
2005,DENISE,17
2005,VIOLA,17
2005,JESSICA,17
2005,ELISABETTA,16
2005,LUDOVICA,15
2005,AGNESE,15
2005,LISA,15
2005,MARIKA,14
2005,SILVIA,14
2005,MARIANNA,14
2005,ANNALISA,13
2005,MARIA,13
2005,MADDALENA,12
2005,GINEVRA,12
2005,VANESSA,12
2005,MELISSA,11
2005,JENNIFER,11
2005,LUCREZIA,11
2005,VITTORIA,11
2005,DANIELA,11
2005,TERESA,11
2005,ILENIA,10
2005,CLAUDIA,10
2005,VALERIA,10
2005,AGATA,10
2005,SIMONA,10
2005,CRISTINA,9
2005,ERICA,9
2005,AYA,9
2005,GIUSY,9
2005,MICHELLE,9
2005,ISABELLA,9
2005,ROBERTA,9
2005,SHARON,9
2005,DEBORA,9
2005,YASMINE,9
2005,MICHELA,9
2005,EMANUELA,9
2005,IRIS,8
2005,MARIA CHIARA,8
2005,ANDREA,8
2005,BARBARA,8
2005,LARA,8
2005,COSTANZA,8
2005,MARIACHIARA,8
2005,VIRGINIA,8
2005,BIANCA,8
2005,FABIANA,8
2005,SUSANNA,7
2005,CARMEN,7
2005,GLORIA,7
2005,NADIA,7
2005,MIRIAM,7
2005,MELANIA,7
2005,ALLEGRA,7
2005,FLAVIA,7
2005,DIANA,7
2005,ISABEL,7
2005,GIUSEPPINA,7
2005,LUNA,7
2005,ANTONELLA,7
2005,ANITA,6
2005,SONIA,6
2005,ROSA,6
2005,LUISA,6
2005,FATIMA,6
2005,MANUELA,6
2005,JASMINE,6
2005,GIOVANNA,6
2005,HAJAR,6
2005,MALAK,6
2005,MARIAGRAZIA,5
2005,NAOMI,5
2005,ROSANNA,5
2005,RAFFAELLA,5
2005,CLARA,5
2005,ANASTASIA,5
2005,AMBRA,5
2005,MARA,5
2005,ESTER,5
2005,KATIA,5
2005,CAROLINA,5
2005,ROSSELLA,5
2005,DARIA,5
2005,CARMELA,5
2005,MIRIANA,5
2005,SARAH,5
2005,SOPHIE,5
2004,MARTINA,191
2004,GIULIA,190
2004,SARA,169
2004,ALESSIA,150
2004,CHIARA,147
2004,FRANCESCA,109
2004,ALICE,100
2004,ELISA,69
2004,LAURA,65
2004,ELENA,64
2004,BEATRICE,62
2004,GIADA,62
2004,FEDERICA,60
2004,MATILDE,60
2004,VALENTINA,60
2004,GIORGIA,58
2004,SOFIA,55
2004,ARIANNA,55
2004,ANNA,51
2004,ELEONORA,51
2004,GRETA,51
2004,ILARIA,47
2004,GAIA,43
2004,ALESSANDRA,43
2004,AURORA,42
2004,REBECCA,38
2004,LETIZIA,38
2004,CECILIA,36
2004,MARGHERITA,35
2004,VERONICA,34
2004,ASIA,34
2004,CATERINA,31
2004,NICOLE,28
2004,IRENE,28
2004,LUCIA,28
2004,NOEMI,27
2004,CAMILLA,25
2004,SABRINA,25
2004,EMMA,22
2004,BENEDETTA,21
2004,LINDA,21
2004,ERIKA,21
2004,ELISABETTA,19
2004,ANGELA,18
2004,CARLOTTA,18
2004,DENISE,18
2004,MARIANNA,17
2004,JESSICA,17
2004,MARIA,16
2004,SILVIA,16
2004,LISA,16
2004,LUDOVICA,15
2004,MARTA,15
2004,MARIKA,15
2004,AGNESE,15
2004,SERENA,15
2004,VALERIA,15
2004,ANGELICA,15
2004,ANNALISA,14
2004,JENNIFER,13
2004,LUCREZIA,12
2004,ERICA,12
2004,GLORIA,12
2004,GINEVRA,12
2004,TERESA,11
2004,VANESSA,11
2004,SHARON,11
2004,DANIELA,11
2004,ROBERTA,11
2004,CRISTINA,11
2004,SIMONA,10
2004,DEBORA,10
2004,VIOLA,10
2004,EMANUELA,10
2004,ISABELLA,10
2004,SUSANNA,9
2004,MELISSA,9
2004,ILENIA,9
2004,ANTONELLA,9
2004,MARIA CHIARA,9
2004,MICHELA,9
2004,VITTORIA,9
2004,MADDALENA,9
2004,SONIA,8
2004,BARBARA,8
2004,FABIANA,8
2004,FATIMA,8
2004,EMILY,8
2004,MARIACHIARA,8
2004,CLAUDIA,7
2004,LARA,7
2004,COSTANZA,7
2004,ANDREA,7
2004,CARMEN,7
2004,AYA,7
2004,NADIA,7
2004,MICHELLE,7
2004,GIOVANNA,7
2004,VIRGINIA,7
2004,MARIA GRAZIA,7
2004,GIUSEPPINA,7
2004,LUNA,6
2004,MIRIAM,6
2004,MELANIA,6
2004,BIANCA,6
2004,IMAN,6
2004,MARIAGRAZIA,6
2004,LUISA,6
2004,YASMINE,6
2004,IRIS,6
2004,CAROLINA,6
2004,ISABEL,6
2004,ROSA,6
2004,STEFANIA,6
2004,MARA,5
2004,MANAL,5
2004,NAOMI,5
2004,ANASTASIA,5
2004,NADA,5
2004,AMBRA,5
2004,HAJAR,5
2004,SOPHIE,5
2004,ROSANNA,5
2004,MIRIANA,5
2004,RITA,5
2004,AGATA,5
2004,ROSSELLA,5
2004,FLAVIA,5
2004,MANUELA,5
2004,GIUSY,5
2004,RAFFAELLA,5
2003,MARTINA,184
2003,GIULIA,176
2003,SARA,156
2003,ALESSIA,149
2003,CHIARA,145
2003,FRANCESCA,115
2003,ALICE,89
2003,LAURA,76
2003,VALENTINA,68
2003,ELISA,67
2003,ELENA,67
2003,FEDERICA,65
2003,GIORGIA,62
2003,ARIANNA,61
2003,BEATRICE,60
2003,ELEONORA,59
2003,GIADA,55
2003,MATILDE,52
2003,ANNA,52
2003,SOFIA,52
2003,GRETA,46
2003,ILARIA,43
2003,GAIA,41
2003,MARGHERITA,39
2003,VERONICA,38
2003,CATERINA,38
2003,CECILIA,37
2003,ALESSANDRA,37
2003,AURORA,35
2003,LETIZIA,33
2003,IRENE,32
2003,REBECCA,32
2003,ASIA,30
2003,NICOLE,28
2003,NOEMI,28
2003,BENEDETTA,24
2003,LUCIA,24
2003,CAMILLA,24
2003,DENISE,21
2003,SILVIA,20
2003,SABRINA,20
2003,MARIA,20
2003,LISA,20
2003,ERIKA,19
2003,ELISABETTA,19
2003,VALERIA,18
2003,MARIKA,17
2003,CARLOTTA,17
2003,ANGELICA,17
2003,JENNIFER,17
2003,JESSICA,17
2003,EMMA,15
2003,ANNALISA,15
2003,MARTA,15
2003,MARIANNA,14
2003,ROBERTA,14
2003,SERENA,13
2003,TERESA,13
2003,ERICA,13
2003,LUDOVICA,13
2003,ANGELA,13
2003,LINDA,13
2003,MELISSA,12
2003,DANIELA,12
2003,VANESSA,12
2003,GLORIA,12
2003,SIMONA,11
2003,GINEVRA,11
2003,DEBORA,11
2003,MICHELA,11
2003,AGNESE,11
2003,SHARON,11
2003,BARBARA,10
2003,FABIANA,10
2003,ISABELLA,10
2003,CAROLINA,10
2003,LUCREZIA,10
2003,MARIA CHIARA,10
2003,CLAUDIA,10
2003,SONIA,9
2003,MICHELLE,9
2003,VIOLA,9
2003,STEFANIA,9
2003,LARA,9
2003,FATIMA,9
2003,CRISTINA,8
2003,SUSANNA,8
2003,VITTORIA,8
2003,LUISA,8
2003,GIOVANNA,7
2003,VIRGINIA,7
2003,AYA,7
2003,ILENIA,7
2003,BIANCA,7
2003,EMANUELA,7
2003,NAOMI,7
2003,MARIACHIARA,7
2003,MADDALENA,7
2003,EMILY,7
2003,FLAVIA,7
2003,MARIAGRAZIA,7
2003,ISABEL,7
2003,NADIA,6
2003,MARA,6
2003,DEBORAH,6
2003,LUNA,6
2003,GIUSEPPINA,6
2003,ROSSELLA,6
2003,ROSA,6
2003,ROSANNA,6
2003,MIRIANA,6
2003,COSTANZA,6
2003,NADA,6
2003,ANDREA,6
2003,ANTONELLA,6
2003,CARMEN,6
2003,MARIAGIULIA,5
2003,IMAN,5
2003,ANASTASIA,5
2003,RAFFAELLA,5
2003,ESTER,5
2003,PAOLA,5
2003,DIANA,5
2003,RITA,5
2003,ANNA MARIA,5
2003,HAJAR,5
2003,ALEXIA,5
2003,AMBRA,5
2003,MARINA,5
2003,GIUSY,5
2003,MONICA,5
2002,MARTINA,177
2002,GIULIA,172
2002,SARA,152
2002,ALESSIA,150
2002,CHIARA,145
2002,FRANCESCA,115
2002,LAURA,84
2002,ALICE,77
2002,ELENA,74
2002,VALENTINA,73
2002,FEDERICA,71
2002,ELISA,70
2002,GIORGIA,66
2002,ARIANNA,62
2002,ELEONORA,60
2002,BEATRICE,57
2002,GIADA,53
2002,ANNA,49
2002,MATILDE,48
2002,SOFIA,46
2002,GRETA,45
2002,ILARIA,44
2002,CATERINA,42
2002,ALESSANDRA,40
2002,GAIA,39
2002,AURORA,36
2002,MARGHERITA,36
2002,CECILIA,35
2002,VERONICA,35
2002,LETIZIA,34
2002,REBECCA,31
2002,NICOLE,30
2002,IRENE,30
2002,LUCIA,29
2002,ASIA,29
2002,NOEMI,28
2002,SILVIA,25
2002,CAMILLA,25
2002,MARIA,24
2002,BENEDETTA,24
2002,ELISABETTA,21
2002,SABRINA,20
2002,CARLOTTA,20
2002,VALERIA,20
2002,DENISE,20
2002,ERIKA,20
2002,MARIKA,17
2002,LISA,17
2002,JESSICA,16
2002,SERENA,16
2002,VANESSA,16
2002,MARTA,15
2002,LINDA,15
2002,JENNIFER,14
2002,ANNALISA,14
2002,MARIANNA,13
2002,ANGELICA,13
2002,CLAUDIA,13
2002,ISABELLA,13
2002,ANGELA,13
2002,DEBORA,13
2002,GLORIA,13
2002,LUDOVICA,13
2002,CAROLINA,13
2002,SHARON,12
2002,ROBERTA,12
2002,MELISSA,12
2002,SIMONA,11
2002,ERICA,11
2002,BARBARA,11
2002,FABIANA,10
2002,MICHELA,10
2002,EMMA,10
2002,STEFANIA,10
2002,GIOVANNA,9
2002,AGNESE,9
2002,CRISTINA,9
2002,ROSSELLA,9
2002,TERESA,9
2002,GINEVRA,9
2002,ANDREA,9
2002,EMANUELA,9
2002,MICHELLE,9
2002,MARIA CHIARA,9
2002,DANIELA,9
2002,LUCREZIA,8
2002,LUISA,8
2002,MARIACHIARA,8
2002,SONIA,8
2002,VIRGINIA,8
2002,LARA,8
2002,ANNA MARIA,7
2002,DEBORAH,7
2002,NAOMI,7
2002,MIRIANA,7
2002,SUSANNA,7
2002,VITTORIA,7
2002,MARA,7
2002,EMILY,7
2002,BIANCA,7
2002,YLENIA,7
2002,ANTONELLA,6
2002,MARIA GRAZIA,6
2002,PAOLA,6
2002,ANNAMARIA,6
2002,GIUSEPPINA,6
2002,MARIAGRAZIA,6
2002,DIANA,6
2002,VIOLA,6
2002,MONICA,6
2002,CARMEN,6
2002,RITA,6
2002,GIUSY,6
2002,MADDALENA,6
2002,ISABEL,6
2002,RAFFAELLA,6
2002,LUNA,6
2002,ROSANNA,6
2002,IMAN,6
2002,SARAH,5
2002,ROSA,5
2002,LUANA,5
2002,FATIMA,5
2002,FLAVIA,5
2002,LORENZA,5
2002,ILENIA,5
2002,ESTER,5
2002,NADIA,5
2002,ALEXIA,5
2002,AMBRA,5
2002,ASMAA,5
2002,ALEXANDRA,5
2002,SAMANTHA,5
2002,EVA,5
2001,GIULIA,175
2001,MARTINA,175
2001,CHIARA,156
2001,SARA,151
2001,ALESSIA,144
2001,FRANCESCA,130
2001,LAURA,85
2001,VALENTINA,80
2001,ELENA,76
2001,ALICE,74
2001,FEDERICA,73
2001,ELISA,70
2001,GIORGIA,68
2001,ELEONORA,61
2001,ARIANNA,59
2001,BEATRICE,51
2001,GIADA,47
2001,ANNA,46
2001,ILARIA,40
2001,SOFIA,40
2001,GRETA,39
2001,CATERINA,38
2001,MATILDE,38
2001,ALESSANDRA,38
2001,VERONICA,37
2001,MARGHERITA,35
2001,SILVIA,33
2001,NICOLE,31
2001,IRENE,31
2001,GAIA,30
2001,LETIZIA,30
2001,AURORA,28
2001,CECILIA,27
2001,REBECCA,27
2001,LUCIA,27
2001,ASIA,26
2001,CAMILLA,26
2001,MARIA,26
2001,VALERIA,26
2001,BENEDETTA,24
2001,JESSICA,20
2001,CARLOTTA,19
2001,ANGELA,19
2001,NOEMI,19
2001,ELISABETTA,19
2001,SABRINA,19
2001,MARTA,18
2001,LINDA,18
2001,SERENA,17
2001,LISA,16
2001,ERIKA,16
2001,ANNALISA,16
2001,ERICA,14
2001,MARIKA,14
2001,CAROLINA,14
2001,DEBORA,14
2001,JENNIFER,14
2001,ANGELICA,14
2001,ISABELLA,14
2001,ROSSELLA,13
2001,DENISE,13
2001,TERESA,13
2001,MELISSA,13
2001,ROBERTA,12
2001,VANESSA,12
2001,LUDOVICA,12
2001,GLORIA,12
2001,MARIA CHIARA,11
2001,SHARON,11
2001,CLAUDIA,11
2001,ANDREA,10
2001,MARIACHIARA,10
2001,CRISTINA,10
2001,EMMA,10
2001,FABIANA,9
2001,YLENIA,9
2001,BARBARA,9
2001,SIMONA,9
2001,MARIANNA,9
2001,GIOVANNA,9
2001,EMANUELA,9
2001,DEBORAH,9
2001,DANIELA,8
2001,NAOMI,8
2001,MICHELA,8
2001,ANNA MARIA,8
2001,VIRGINIA,8
2001,STEFANIA,8
2001,ANTONELLA,8
2001,MARA,8
2001,VITTORIA,8
2001,GINEVRA,8
2001,LUCREZIA,8
2001,MIRIANA,8
2001,EMILY,7
2001,ANNAMARIA,7
2001,ROSA,7
2001,AGNESE,7
2001,MICHELLE,7
2001,MARIAGRAZIA,6
2001,ISABEL,6
2001,BIANCA,6
2001,MARIA GRAZIA,6
2001,ROSANNA,6
2001,PAOLA,6
2001,LUISA,5
2001,DIANA,5
2001,ALEXIA,5
2001,NICOL,5
2001,KATIA,5
2001,LUNA,5
2001,MARIAM,5
2001,VIOLA,5
2001,FLAVIA,5
2001,CARMEN,5
2001,ASMAA,5
2001,GIUSEPPINA,5
2001,MONICA,5
2001,GESSICA,5
2001,LARA,5
2001,NADA,5
2001,SAMANTHA,5
2001,LUANA,5
2001,SUSANNA,5
2001,IMAN,5
2001,MADDALENA,5
2001,RITA,5
2000,MARTINA,174
2000,CHIARA,166
2000,GIULIA,162
2000,SARA,153
2000,FRANCESCA,134
2000,ALESSIA,127
2000,LAURA,93
2000,VALENTINA,92
2000,ELENA,80
2000,FEDERICA,80
2000,GIORGIA,68
2000,ELISA,68
2000,ALICE,65
2000,ELEONORA,63
2000,ANNA,51
2000,ARIANNA,51
2000,BEATRICE,45
2000,GIADA,43
2000,ILARIA,42
2000,VERONICA,40
2000,SILVIA,38
2000,CATERINA,37
2000,GRETA,33
2000,SOFIA,33
2000,ALESSANDRA,32
2000,IRENE,31
2000,MATILDE,29
2000,JESSICA,29
2000,LUCIA,29
2000,CECILIA,27
2000,LETIZIA,26
2000,VALERIA,26
2000,NICOLE,26
2000,MARGHERITA,25
2000,ANGELA,25
2000,AURORA,23
2000,REBECCA,22
2000,MARIA,22
2000,ASIA,22
2000,CAMILLA,22
2000,GAIA,22
2000,BENEDETTA,22
2000,CARLOTTA,20
2000,NOEMI,20
2000,MARTA,19
2000,MARIKA,18
2000,ERIKA,18
2000,ELISABETTA,18
2000,CAROLINA,17
2000,LISA,17
2000,ANNALISA,17
2000,SABRINA,17
2000,CLAUDIA,16
2000,DEBORA,16
2000,TERESA,16
2000,SERENA,16
2000,DENISE,15
2000,GLORIA,15
2000,VANESSA,15
2000,JENNIFER,14
2000,CRISTINA,13
2000,MARIANNA,13
2000,ANGELICA,12
2000,LINDA,12
2000,ISABELLA,12
2000,ERICA,12
2000,LUDOVICA,11
2000,ROSSELLA,11
2000,LUCREZIA,10
2000,MICHELA,10
2000,STEFANIA,10
2000,SIMONA,10
2000,MARIACHIARA,10
2000,DEBORAH,10
2000,GIOVANNA,10
2000,ANDREA,10
2000,ROSA,9
2000,MELISSA,9
2000,ANTONELLA,9
2000,MARA,9
2000,MARIA CHIARA,9
2000,ROBERTA,9
2000,ANNA MARIA,9
2000,EMANUELA,9
2000,SHARON,9
2000,NAOMI,8
2000,VIRGINIA,8
2000,AGNESE,8
2000,MIRIANA,8
2000,MONICA,7
2000,FABIANA,7
2000,NADIA,7
2000,LUANA,7
2000,GINEVRA,7
2000,ILENIA,7
2000,SAMANTHA,7
2000,YLENIA,7
2000,VITTORIA,6
2000,CLARISSA,6
2000,EMILY,6
2000,MARIA GRAZIA,6
2000,DANIELA,6
2000,MARIAGRAZIA,6
2000,PAOLA,5
2000,ALEXANDRA,5
2000,SONIA,5
2000,KATIA,5
2000,ANNAMARIA,5
2000,LUNA,5
2000,DIANA,5
2000,MARICA,5
2000,EMMA,5
2000,MIRIAM,5
2000,ALEXIA,5
2000,RITA,5
2000,FLAVIA,5
2000,IMAN,5
2000,MICHELLE,5
2000,GIUSEPPINA,5
2000,ESTER,5
2000,NICOL,5
